:020000040800F2
:10700000F88B00206971000883AF0008C1A3000855
:10701000A9AC0008A5850008F5EF000800000000F5
:10702000000000000000000000000000EDC40008A7
:10703000819C000800000000B5B500082DCB0008B9
:107040008371000883710008837100088371000850
:107050008371000883710008837100088371000840
:107060008371000883710008837100088371000830
:107070008371000883710008837100088371000820
:107080008371000883710008837100088371000810
:107090008371000883710008837100088371000800
:1070A00083710008837100088371000883710008F0
:1070B000A1CB000883710008837100088371000868
:1070C00083710008837100088371000883710008D0
:1070D000837100089DCD0008E9CD000889CF000824
:1070E00083710008837100088371000800000000AC
:1070F0000000000000000000000000000000000090
:107100000000000000000000837100088371000887
:10711000837100088371000883710008837100087F
:10712000837100088371000883710008837100086F
:10713000837100088371000883710008837100085F
:1071400083710008837100088371000831B0000862
:10715000DFF810D000F090FD00480047611A0108E8
:10716000AFF30080F88B00200648804706480047B0
:10717000FEE7FEE7FEE7FEE7FEE7FEE7FEE7FEE7E7
:10718000FEE7FEE731CB0008517100082DE9F05F02
:107190000546002092469B46884606468146402486
:1071A0001BE0284641464746224600F0E2FA534695
:1071B0005A46C01A914110D311461846224600F093
:1071C000C9FA2D1A67EB01084F462246012000211B
:1071D00000F0C0FA17EB00094E41201EA4F1010493
:1071E000DFDC484631462A464346BDE8F09F0000B2
:1071F00038B5D0E90221491E01EB410102EBC10182
:107200004268C1EB011102EB81010268C1EB01117F
:1072100002EB8102D0E9043101EB410103EB810172
:107220003023A1F5527191FBF3F4174D6C4302EB3F
:10723000C41291FBF3F403FB141100921A2902DB30
:10724000124B1A4400920C2291FBF2F3104C634350
:10725000009C04EBC313009391FBF2F302FB1311A8
:107260000C4A08E0491E40F2A324535C6343009C8F
:1072700004EBC31300930029F4DC0146684600F0D8
:10728000A1FA009838BD00003F0C0F0080510100AA
:1072900067C203004B26010840EA01039B0703D0A5
:1072A00009E008C9121F08C0042AFAD203E011F845
:1072B000013B00F8013B521EF9D27047D2B201E007
:1072C00000F8012B491EFBD270470022F6E710B5EB
:1072D00013460A4604461946FFF7F0FF204610BD44
:1072E00030B505462A460B4612F8010B13F8014B40
:1072F00008B1A042F8D01CB1002802D06D1CF1E703
:10730000284630BDCAB2401E10F8011F8A4202D082
:107310000029F9D100207047421C10F8011B0029F8
:10732000FBD1801A704710B5002200E0521C835C2C
:107330008C5CA34201D1002BF8D1D8B2E1B2401A43
:1073400010BD30B504460020034600E05B1C9342AC
:1073500003D2E05CCD5C401BF8D030BD70B5064672
:1073600008F008F8046805460A220021304600F0BB
:10737000BDFA2C6070BDF0B480EA0102D40F420067
:10738000B2EB410F02D20246084611464A0042D0F3
:10739000C30DDDB2C1F3C752AD1A202D35DAC1F3EA
:1073A000160141F4000204B15242C5F1200602FA6E
:1073B00006F12A411044B3EBD05F23D0C4B1012DB4
:1073C000A0EBC35009DCF0BC4FF0004202EAC3520C
:1073D000DBB200F5000000F0CABA400000F1807096
:1073E00000EBC350A0F1807040EAD170490009E081
:1073F000490841EAC071A0EBC35000F50000400805
:1074000000EBC350F0BC00F0A9BA6142012202EBCC
:107410004101001BF6E7F0BC704781F00041AAE78C
:1074200080F00040A7E780EA010210B502F00043B7
:10743000400022D04A001FD0010E01EB1261C0F3C0
:107440005600C2F3560240F4000042F40002A0FBD2
:10745000022000047F39140400D0401C50EA12407E
:1074600001D44000491EC2B20C0604EBD010401CEF
:107470004008802A02D003E0002010BD20F0010067
:10748000002900DA0020184310BD30B480EA010260
:1074900002F0004530F0004221F0004013D090B1DE
:1074A000C30DD40DC2F31601C0F31600E41A41F463
:1074B000000140F400027D34914201D3641C00E0DD
:1074C0004900002C02DA30BC002070474FF4000065
:1074D0000023914201D3891A034340084FEA410136
:1074E000F7D151B1914202D14FF0004105E002D2F3
:1074F0004FF0010101E06FF0010103EBC45028449B
:1075000030BC00F02BBA2DE9FE4F804681EA030023
:10751000C00F0C46009021F0004123F00045B8EB6D
:107520000200A94105D24046214690461C460B4622
:10753000024623F00040104347D0270DC7F30A004E
:10754000C3F30A510290401A019040286BDAC3F34A
:10755000130040F4801B0098924620B10023D2EB28
:10756000030A63EB0B0B01985946C0F140025046E9
:1075700000F0F0F806460D4650465946019A00F0D4
:1075800008F910EB08006141002487EA115284EAEF
:10759000E7731A4340D0009A62B3019A012A4FEA76
:1075A000075215DC001B61EB02014FF0004202EABA
:1075B0000752CDE90042001C41F5801132462B46AE
:1075C00000F012FA03B0BDE8F08F40462146F9E71B
:1075D000001B61EB0201001C41F5801300185B41A8
:1075E0002018A2F5001747EB030140EAD570B61941
:1075F0006D4111E06D084FEA360645EAC0754FEA65
:107600000752001B61EB0201001C41F58011490883
:107610004FEA30000019514132462B4603B0BDE815
:10762000F04F00F0D2B90098012240000023D0EBC7
:10763000020263EBE073009821464FEAE074B8EB76
:10764000000061EB0401E9E783F000435BE781F0B0
:10765000004158E7C10F80EAE0700844CA0796234A
:10766000002100F084B996230022114600F07FB972
:1076700000F0004230F000400AD0C10D01F5607109
:10768000C0F3160042EA0151C20840071143704797
:10769000002001467047000030B5041E71F100045F
:1076A00004DB4FF00044404264EB0101141E73F10F
:1076B000000405DB1C464FF00043524263EB040319
:1076C000994208BF904230BD01F0004330B421F030
:1076D000004150EA010206D00A0DA2F56072C1F322
:1076E0001301002A02DC30BC00207047440F44EA3A
:1076F000C104C100E01830BC00EBC25000F02EB94C
:10770000002801DBC0F10040002901DBC1F100418C
:1077100081427047002801DBC0F10040002901DBF5
:10772000C1F100418842704730B50B460146002048
:107730002022012409E021FA02F59D4205D303FA33
:1077400002F5491B04FA02F52844151EA2F10102B4
:10775000F1DC30BD202A04DB203A00FA02F10020DF
:1077600070479140C2F1200320FA03F3194390407F
:107770007047202A04DB203A21FA02F000217047EA
:1077800021FA02F3D040C2F1200291400843194689
:107790007047202A06DBCB17203A41FA02F043EA71
:1077A000E07306E041FA02F3D040C2F120029140BA
:1077B0000843194670470000014900F003B8000073
:1077C000CC87002010B500683C22B0FBF2F302FB2E
:1077D0001303B0FBF2F00B60B0FBF2F302FB1303F8
:1077E000B0FBF2F018224B60B0FBF2F302FB130384
:1077F000B0FBF2F0021D8B600723B2FBF3F403FB36
:107800001422800040F2B55300F66C308A61B0FB60
:10781000F3F2B0FBF3F403FB1400443280084A6136
:10782000C8613B2802D3920700D0401C0022074CBD
:1078300013460A61E25C824203D8801A5B1C0B612A
:10784000F8E7401CC860084610BD00005726010834
:107850000FB4002300B589B00CA900910B996FF00B
:107860000042CB601E4B06931E4B07930423CDE9C9
:1078700001321D4A089202466B46002000F0B0FA21
:1078800009B05DF814FB70B586B006464FF0FF30C6
:107890000091CDE90101002015460C4604903246C6
:1078A000694604A8FFF7D4FF02460498211825B1C1
:1078B00008B1084600E020462860049800280DD052
:1078C000002A02DD0098884208D0081B0094CDE908
:1078D00001043246694604A8FFF7BAFF06B070BD3E
:1078E0001980000837800008A57C00082DE9F047C2
:1078F00091460F4680460446002614F8015B2DB1E0
:1079000000F0CCF90068405DC007F6D12B2D02D005
:107910002D2D18D0641E4A463946204600F09CFBA7
:1079200027B13968A14201D1C7F8008071054FF035
:1079300002040BD54042002803DD07F01BFD046064
:10794000A007BDE8F08746F48066E4E70028F8DA8F
:1079500007F010FD04606FF00040F2E70029A8BFB7
:107960007047401C490008BF20F00100704710B468
:10797000B0FA80FC00FA0CF050EA010404BF10BC1D
:10798000704749B1CCF1200421FA04F411FA0CF14A
:1079900018BF012121430843A3EB0C01CB1D4FEA83
:1079A00000614FEA102042BF002010BC704700EB7E
:1079B000C35010440029A4BF10BC7047401C4900AC
:1079C00008BF20F0010010BC704710B5141E73F101
:1079D000000408DA401C41F1000192185B411A438F
:1079E00001D120F0010010BD2DE9F04D92469B46DB
:1079F00011B1B1FA81F202E0B0FA80F22032904681
:107A0000FFF7A8FE04460F4640EA0A0041EA0B01D0
:107A100053465A46084313D0114653EA010019D081
:107A2000C8F140025046FFF7A4FE05460E465046F8
:107A300059464246FFF78EFE084305D0012004E078
:107A400020463946BDE8F08D0020054346EAE07641
:107A50002C4337430A986305E40AA0EB0800002290
:107A6000FD0A44EA47540A3002D500200146E9E7FE
:107A7000010510196941DDE9084500196941BDE8B2
:107A8000F04DA2E72DE9FE4F81EA030404F0004423
:107A900021F0004100944FF0000B23F0004350EA26
:107AA00001045ED052EA03045BD0C3F30A54C1F36D
:107AB0000A552C44A4F2F3340194A0FB0254C1F300
:107AC000130141F48011C3F3130343F4801301FB4A
:107AD000024400FB034E840A970A44EA815447EAB1
:107AE0008357A4FB076802958D0A05FB07854FEABB
:107AF000932C04FB0C542705029D4FEA065847EAD5
:107B00001637B5EB08056EEB070C870E920E47EAA9
:107B1000811742EA8312A7FB0201B6EB0B0164EB6B
:107B200000042B0D43EA0C335E1844EB1C50DA467C
:107B30005146E7FB0201C5F313044FEA0B3343EA56
:107B400014534FEA0432019C43EA0603A4F10C04E7
:107B50000294009CCDE900B4FFF746FF03B0BDE8F6
:107B6000F08F00200146F9E72DE9F04D81EA03048A
:107B700004F0004B21F0004514464FF0000A23F0BA
:107B8000004150EA050220D054EA01021DD0C5F39D
:107B90000A570246C5F31303C1F31300C1F30A5693
:107BA00040F4801543F48013A7EB0608101BD6465B
:107BB00008F2FD3873EB050002D308F1010801E07B
:107BC00092185B41B8F1000F03DA00200146BDE8CE
:107BD000F08D00204FF48011064684460EE0171BFE
:107BE00073EB050705D3121B63EB050306434CEA51
:107BF000010C49084FEA300092185B4150EA010736
:107C0000EDD152EA030012D082EA040083EA0501B2
:107C1000084305D0101BAB4106D20122002306E029
:107C200000224FF0004302E06FF0010253101AEB04
:107C300006004CEB085110EB0A0041EB0B01BDE8CC
:107C4000F04DFFF7C2BEC1F30A52C1F3130140F277
:107C5000FF3341F480119A4202DA00200146704756
:107C600040F233439A42A2F2334202DC5242FFF71F
:107C700080BDFFF76FBD0000064C074D06E0E068D1
:107C800040F0010394E8070098471034AC42F6D363
:107C9000FFF762FA1C2901083C29010800487047D7
:107CA000E426010810B50446FFF7F8FF0068005D00
:107CB00000F0010010BD00002DE9FF4F087883B0EF
:107CC0009946FF2805D0491C2D2804D00024002007
:107CD00008E000200BE00124F9E700EB800003EB53
:107CE0004000491C0B78FF2BF7D104B14042002320
:107CF0000293147819461D462D2C01D02B2C04D14B
:107D0000521C2D2C13D000240294AA461478FF2C68
:107D10000FD00A25A3FB057801FB05814FF0000C6D
:107D200003FB0C11521CE3194AEB0101EEE701249D
:107D3000EAE7814453EA010002D019F5C87F06DA68
:107D400003980021C0E9001107B0BDE8F08F0025BD
:107D5000AE4E2F46DFF8B882184600F0DAF9CDE9CA
:107D60000001B9F1000002DAC9F1000400E00446A4
:107D70000023A74A1AEB030B42EB045A12E0E00778
:107D800007D02A46334638464146FFF77BFE074672
:107D900088462A46334610461946FFF773FE0546C5
:107DA0000E466410002CEAD1DDE90001B9F1000FA4
:107DB0005A46534606DAFFF7D7FE3A464346FFF7E0
:107DC000D3FE05E0FFF75EFE3A464346FFF75AFE54
:107DD000029A0AB181F00041039AC2E90001B3E7B7
:107DE0002DE9FF4F1F468DB0D7E901464FF0FF3810
:107DF0002E2045464FF000090B90B9696D1C0E9876
:107E00008847396A824688470028F6D1BAF1FF3F91
:107E10000AD024F4D064002E11DDBAF12B0F08D063
:107E2000BAF12D0F0BD102E0404611B08DE744F4BA
:107E30008064B9696D1C0E9888478246761E694633
:107E4000600501D52D2000E02B208DF8000001F108
:107E5000010B0DF1200809E0B9696D1C0E988847E7
:107E600082460F9844F40074761E0560002E02DDF1
:107E7000BAF1300FF0D00B998A453ED144F080041E
:107E800006E00F99681CA9F1010944F40074086028
:107E9000B9696D1C761E0E98884782463028F0D04E
:107EA0002BE00B998A4505D1200603D444F08004C9
:107EB000761E18E0504607F03FFB08B30DF11301A2
:107EC000761E44F400748B4508D2AAF130000BF8FA
:107ED000010B200607D5A9F1010003E0200602D41A
:107EE00009F101008146A00502D50F99681C0860C0
:107EF000B9696D1C0E9888478246002ED1DC53E08C
:107F0000002E51DDBAF1650F02D0BAF1450F4BD109
:107F1000A00549D5B9696D1C24F44074761E0E98ED
:107F200088478246002E0CDD2B2804D0BAF12D0F95
:107F300007D144F48074B9696D1C0E988847824655
:107F4000761EE00501D52D2100E02B2108F8011B4C
:107F5000CDF82C8021E00DF12901761E44F4007447
:107F600088450CD2AAF1300010F0FF0088F800001C
:107F700002D10B99884509D908F1010806E0E0050E
:107F800001D5244801E042F20F708146B9696D1CA9
:107F90000E98884782460F980560002E04DD5046F3
:107FA00007F0CAFA0028D6D1F9690E988847FF2051
:107FB0008BF8000088F800000020069007904B46E0
:107FC0006A4608A906A8FFF777FEA00502D46FF05D
:107FD00001002AE714F0240F0AD0E00714D1DDE9EC
:107FE00006123868031D3B600068C0E900120BE010
:107FF000DDE90601FFF768FB0146E00704D13868B8
:10800000021D3A600068016028460EE70000144037
:108010000000F03FF1D8FFFF426842B1016811F85B
:10802000013B23B1521EC0E90012184670470121DE
:10803000C160881E704742685AB1C368016843B97D
:1080400083688B4205D0491E521CC0E900120020F3
:1080500070474FF0FF3070472DE9F05F824600789F
:10806000002715468B460AF10104B946302801D095
:108070009DB113E014F8010B0127782803D058288C
:1080800001D045B10AE00DB1102D07D10027102510
:1080900014F8010B02E0082500E00A250026B0468E
:1080A0000EE005FB080005FB06F1012701EB104679
:1080B0001FFA80F8B6F5803F00D3B94614F8010BDB
:1080C000294600F018F80028EBDABBF1000F05D0C4
:1080D0000FB1641E00E05446CBF80040B9F1000F28
:1080E00006D007F047F902210160C81EBDE8F09FE5
:1080F00048EA0640FAE73A2800D2303820F0200259
:10810000412A01D3A2F13700884201D34FF0FF305A
:1081100070470EB540F2334202920022CDE90022B0
:108120001346FFF761FC03B000BD70B58C1810F862
:10813000015B15F0070301D110F8013B2A1106D1AC
:1081400010F8012B03E010F8016B01F8016B5B1EC6
:10815000F9D12B0705D40023521E0DD401F8013BA1
:10816000FAE710F8013BCB1A921C03E013F8015B0D
:1081700001F8015B521EF9D5A142D8D3002070BD91
:1081800010B501F0F5FF02F03FFF642001F086FD1D
:1081900010BD000010B502F041FF322001F07EFD5D
:1081A00001F0F8FF322001F079FD1A4800F0A0FC40
:1081B00018480078192802DB164803F059FC1648C5
:1081C00000F0E2FF00F07EFA00F042FB1349144891
:1081D00000F08AFA02F078FA0F48FFF79DF81428A9
:1081E00005D10D4B0F4A10490A4800F0DDF90D4A40
:1081F0000D49084802F0B6FA10220C49500102F06D
:10820000AAFB1022094910314FF4087002F0A3FBB9
:1082100010BD0000550000209420002034200020D4
:1082200014200020F41F0020D41F0020A9200020CB
:1082300021B1826842F00102826003E0826822F08C
:10824000010282607047014600208A6802F0040241
:108250000AB1012000E0002070470146C86C80B2DE
:1082600070470246002013680B400BB1012000E06C
:1082700000207047014600208A6802F008020AB117
:10828000012000E00020704730B5024600200023A6
:1082900050680F4C20400D790C6844EA05242043B7
:1082A000506090680B4C2040D1E902542C434D792A
:1082B00044EA450420439060D06A20F470000C7CAE
:1082C000641EE4B2234340EA0350D06230BD000094
:1082D000FFFEF0FFFDF7F1FFF0B504460D4600206C
:1082E0000021092D11DDE068A5F10A0606EB46071D
:1082F000072606FA07F18843A5F10A0606EB4606AB
:1083000003FA06F10843E0600CE0206905EB45073D
:10831000072606FA07F1884305EB450603FA06F13E
:1083200008432061072A0FDA606B561E06EB8607AA
:108330001F2606FA07F18843561E06EB860605FA45
:1083400006F10843606322E00D2A0FDA206BD61F86
:1083500006EB86071F2606FA07F18843D61F06EBB1
:10836000860605FA06F10843206310E0E06AA2F1F0
:108370000D0606EB86071F2606FA07F18843A2F1D1
:108380000D0606EB860605FA06F10843E062F0BD2D
:10839000816841F008018160704721B1826842F430
:1083A000A002826003E0826822F4A002826070472B
:1083B000816841F0040181607047000010B501211F
:1083C0000648FFF7EAFF00BF02210448FFF749FF14
:1083D0000028F9D00148FFF740FF10BD00240140FC
:1083E00000B587B00121480203F05AF901210420A9
:1083F00003F056F9002003F017F900208DF81B0058
:108400008020ADF8180003208DF81A0006A919483D
:1084100001F096FD0523012207211748FFF75CFFB5
:108420000020019004904FF46020039000208DF80C
:1084300009008DF8080001208DF8140001A90E48EC
:10844000FFF722FF01210C48FFF7F2FE0A48FFF771
:108450009FFF00BF0848FFF70DFF0128FAD006482C
:10846000FFF7A6FF00BF0448FFF7EDFE0128FAD092
:1084700007B000BD00080140002401402DE9FC4781
:1084800005460E4617469846DDE90A9A13480078D5
:10849000012820D100201249087000240FE0114863
:1084A00050F834102846FEF73EFF30B90D4800EB77
:1084B000C40000790A49087003E0601CC4B2122CA1
:1084C000EDD300BF43463A4631460548CDE9009A10
:1084D000007800F009F8BDE8FC87000028000020C3
:1084E00029000020482501082DE9F04704460D46E3
:1084F00016461F46DDE908890A2C29D2DFE804F078
:108500001F05090E1316191C2225484602F0D8FF34
:108510001EE03146284602F09BFE19E041463846EF
:1085200002F0CEFD14E002F0ABFD11E002F024FFFA
:108530000EE002F085FD0BE002F040FF08E009F0DC
:108540006DFE05E003F066F802E000F005F800BFFC
:1085500000BFBDE8F087000070B502F0B5F803F089
:108560002BF806463046FFF783F8044622460B46B2
:1085700003A006F0C1FE09F051FE02F0A5F870BD9F
:10858000426174746572793A252E36660D0A0000D0
:10859000014601F00F000A1102EB820200EB4200DB
:1085A000C0B2704700BFFEE72DE9F04FDDB0804656
:1085B0000C4615461E4659A9404609F029F959AA04
:1085C00024A154A806F0C2FE402144A8FEF77DFE77
:1085D0004FF4807104A8FEF778FE59AB20A2402129
:1085E00044A8009606F098FE44A82B4654AA22A15F
:1085F000CDE9004004A806F0A9FE04A8FEF78CFE11
:1086000087B2394604A800F05BFE814644A8FEF715
:1086100083FE1FFA80FA4FF480612448FEF755FE6E
:1086200004AB3A4622A12148CDF8009006F08EFE18
:108630001E48FEF771FE83465A4621A102A806F0A5
:1086400085FE00F0F1FD194902A800F0C3F95DB004
:10865000BDE8F08F252E313473303030000000003B
:108660004461746154696D653D25733B49434349D9
:10867000443D257300000000514E3D25733B53548B
:108680003D37343B434E3D323038333B50573D2528
:10869000733B4D4E3D25733B466C61673D383B4314
:1086A000503D26262573262600000000CC0400201D
:1086B0002323253034642573253034580D0A0000F7
:1086C0002564000010B504A006F080FC642001F0D1
:1086D000E5FA00F011FE10BD41542B434950434CC4
:1086E0004F53453D300D0A0070B504460D4630A08D
:1086F00006F06CFC4FF4FA7001F0D0FA30A1334868
:10870000FEF7EEFD324908600EE000F0F5FD28A00E
:1087100006F05CFC4FF4FA7001F0C0FA2DA12B4872
:10872000FEF7DEFD2A490860294800680028ECD0E1
:108730002FA006F0E1FD4FF480713348FEF7C5FD30
:108740002B46224631A1304806F000FE2E4806F0A6
:108750003DFC4FF4FA7001F0A1FA34A11B48FEF77A
:10876000BFFD1B49086000203449086015E033480C
:108770000068401C3149086031A11448FEF7B0FD83
:1087800013490860C82001F089FA2C480068642861
:1087900003DD00202949086003E00D480068002837
:1087A000E5D000BF00F0A8FD01F08EFF70BD000015
:1087B00041542B4E45544F50454E0D0A00000000C9
:1087C0002B4E45544F50454E3A203000BC010020FE
:1087D000140000204E6574776F726B2069732061FE
:1087E0006C7265616479206F70656E65640000006D
:1087F0002A2A2A2A5443502020454E41424C452AD9
:108800002A2A2A0D0A000000CC03002041542B43E1
:1088100049504F50454E3D302C22544350222C227B
:108820002573222C25730D0A000000002B2B4349D1
:10883000504F50454E3A20302C3000001C00002094
:108840002B4349504F50454E3A20302C3000000009
:1088500010B501F039FF37A006F0B8FB4FF47A707D
:1088600001F01CFA36A13A48FEF73AFD3949086092
:108870000EE000F041FD2FA006F0A8FB4FF47A7047
:1088800001F00CFA2EA13248FEF72AFD31490860AA
:10889000304800680028ECD02FA006F02DFD00F035
:1088A0002BFD33A006F092FB4FF4FA7001F0F6F9BD
:1088B00032A12748FEF714FD2649086008460068E3
:1088C00020B123490E312FA006F016FD00F014FD53
:1088D00031A006F07BFB4FF4FA6001F0DFF931A123
:1088E0001B48FEF7FDFC1B4908600846006818B9E4
:1088F0002FA11748FEF7F4FC15E000F0FDFC2FA0B7
:1089000006F064FB4FF47A7001F0C8F92EA110480C
:10891000FEF7E6FC0F4908600846006818B924A174
:108920000B48FEF7DDFC0B4800680028E5D000F09E
:10893000E3FC10BD41542B4350494E3F0D0A00004B
:108940002B4350494E3A2052454144590000000003
:10895000BC010020140000202A2A2A2A53494D2055
:108960002052454144592A2A2A2A0D0A00000000B3
:1089700041542B4353510D0A000000002B43535127
:108980003A0000002A2A2A2A4353513A25732A2AF8
:108990002A2A0D0A0000000041542B434752454744
:1089A0003F0D0A002B43475245473A20302C3100F7
:1089B0002B43475245473A20302C350041542B4336
:1089C000474154543F0D0A002B43474154543A2029
:1089D0003100000070B504460D464FF480713848F0
:1089E000FEF773FC224637A1354806F0AFFC344849
:1089F00006F0ECFA4FF4FA7001F050F936A137485E
:108A0000FEF76EFC3649086000203649086018E021
:108A100034480068401C334908602FA12F48FEF7F6
:108A20005FFC2F490860642001F038F92D48006888
:108A3000642806DD00202B49086001202A490870BF
:108A400003E0274800680028E2D000BF284606F06F
:108A5000BDFA4FF4FA7001F021F924A11F48FEF786
:108A60003FFC1F49086000201E49086018E01D48AF
:108A70000068401C1B4908601CA11848FEF730FC28
:108A800017490860642001F009F916480068642855
:108A900006DD00201349086001201349087003E037
:108AA0000F4800680028E2D000BF00F025FC0E4807
:108AB0000078012802D11E2001F0FCF870BD0000F2
:108AC000CC03002041542B43495053454E443D3084
:108AD0002C25730D0A0000003E000000BC010020A0
:108AE000140000201C000020240000204F4B000038
:108AF0002DE9F04F93B0044601F0E6FDF7A006F033
:108B000065FA4FF4FA7001F0C9F8F6A1F648FEF7DD
:108B1000E7FBF64908600EE000F0EEFBEFA006F080
:108B200055FA4FF4FA7001F0B9F8EEA1EE48FEF7ED
:108B3000D7FBEE490860ED4800680028ECD0ECA0B7
:108B400006F0DAFB00F0D8FBEFA006F03FFA4FF496
:108B5000FA7001F0A3F8F0A1E348FEF7C1FBE34986
:108B600008600EE000F0C8FBE7A006F02FFA4FF413
:108B7000FA7001F093F8E8A1DB48FEF7B1FBDB499E
:108B80000860DA4800680028ECD0E6A1D648FEF775
:108B9000A7FBD649086008460068002824D100F0E9
:108BA000ABFBE4A006F012FA40F6B83001F076F81C
:108BB000CCA1CD48FEF794FBCC4908600EE000F054
:108BC0009BFBDCA006F002FA4FF4FA7001F066F8A5
:108BD000DCA1C548FEF784FBC4490860C3480068AF
:108BE0000028ECD000F088FB01F06EFDD7A006F065
:108BF000EDF940F6B83001F051F8D7A1BA48FEF7C8
:108C00006FFBBA4908600020D54908601FE0D448CE
:108C10000068401CD249086000F06EFBCBA006F053
:108C2000D5F940F6B83001F039F8CBA1AE48FEF7DF
:108C300057FBAE490860CA480068072802D101F016
:108C400043FD04E0C64800680E2800D103E0A748B1
:108C500000680028DBD000BF00F04EFB01F034FDBF
:108C6000C0A006F0B3F94FF4FA6001F017F89DA127
:108C70009D48FEF735FB9D4908600EE000F03CFB87
:108C8000B8A006F0A3F94FF4FA7001F007F895A127
:108C90009548FEF725FB9549086094480068002830
:108CA000ECD000F029FBB3A006F090F94FF4FA7075
:108CB00000F0F4FF8BA18C48FEF712FB8B49086093
:108CC0000EE000F019FBABA006F080F94FF4FA704B
:108CD00000F0E4FF83A18448FEF702FB83490860AB
:108CE000824800680028ECD000F006FBA6A006F041
:108CF0006DF940F6B83000F0D1FFA7A17A48FEF731
:108D0000EFFA7A4908600020954908603BE09448F2
:108D10000068401C9249086000F0EEFA9AA006F044
:108D200055F94FF47A7000F0B9FF9BA16E48FEF739
:108D3000D7FA6E4908608A4800680A2817D0884820
:108D400000681E2813D08648006832280FD0844857
:108D5000006846280BD0824800685A2807D080480F
:108D600000686E2803D07E480068822802D101F096
:108D7000ABFC08E07A480068962804D101F0A4FC16
:108D800013B0BDE8F08F594800680028BFD001F04B
:108D90009BFC00201090119012900D900E900F905F
:108DA00000258246514800684F49401A821E2C21F6
:108DB0004D4802F0D5F805463DB16D1C284606F039
:108DC00056FF0746FEF780FC10904848006800F107
:108DD000020A504606F04BFF0746FEF775FC0D9061
:108DE0000025AA4600F088FA67A006F0EFF84FF4D5
:108DF0007A7000F053FF68A13B48FEF771FA3B49D7
:108E0000086000205649086018E055480068401C7A
:108E10005349086000F070FA5BA006F0D7F84FF4F1
:108E20007A7000F03BFF5CA12F48FEF759FA2F49FA
:108E300008604B4800680A2800D1A1E72B48006869
:108E40000028E2D0294800682749401A821E2C21B8
:108E5000254802F085F805463DB16D1C284606F010
:108E600006FF0746FEF730FC11902048006800F12D
:108E7000020A504606F0FBFE0746FEF725FC0E9060
:108E80000025AA4600F038FA3FA006F09FF84FF4FC
:108E90007A7000F003FF40A11348FEF721FA13494E
:108EA000086000202E49086078E02D480068401CCA
:108EB0002B49086000F020FA33A006F087F84FF441
:108EC0007A7000F0EBFE34A10748FEF709FA074973
:108ED0000860234800680A2860D151E741540D0A10
:108EE000000000004F4B0000BC01002014000020D7
:108EF0002A2A2A2A415420205445535420204F4BDB
:108F00002A2A2A2A0D0A000041542B43474E535364
:108F10005057523F0D0A00002B43474E53535057B2
:108F2000523A00002B43474E53535057523A203188
:108F30000000000041542B43474E53535057523DBD
:108F4000310D0A00524541445921000041542B4340
:108F5000414750530D0A00007375636365737300D6
:108F60001C00002041542B43475053484F540D0AD6
:108F70000000000041542B43474E5353494E464F87
:108F80003D300D0A0000000041542B43474E53531F
:108F9000494E464F0D0A00004E2C000067480068FD
:108FA000002882D0654800686549401A821E2C213D
:108FB000634801F0D5FF05463DB16D1C284606F01B
:108FC00056FE0746FEF780FB12905C48006800F1F1
:108FD000020A504606F04BFE0746FEF775FB0F905F
:108FE00058A15046FEF77CF9861C002E51D0304621
:108FF000FEF7B4F98046F01DFEF7B0F983462C2148
:1090000002A8FEF762F9642098FBF0F100FB1180E2
:1090100064300790642098FBF0F0642190FBF1F23B
:1090200001FB1200401E069042F2107098FBF0F017
:10903000059042F210709BFBF0F008300490642021
:109040009BFBF0F090FBF1F201FB12000390642017
:109050009BFBF0F100FB11B0029002A8FEF7C8F8EC
:10906000019001A8FEF7A8FB07461FB936A006F03D
:1090700043F985E6387D64382070387C401C607088
:10908000387BA070387A2071387960713878A07197
:1090900000BF4FF00009002712E010A951F8270087
:1090A0000021FEF72DFB0AD00DA951F82700002161
:1090B000FEF726FB03D009F1010000F0FF097F1C39
:1090C000032FEADBB9F1030F2FD1DDE91001FEF721
:1090D00052F90B901299FEF74EF922490C90FEF7C7
:1090E000D4F98346FEF7C4FA07463A460B461EA15A
:1090F0001F4806F02BF9DDE90D01FEF73CF90B9056
:109100000F99FEF738F917490C90FEF7BEF9834620
:10911000FEF7AEFA07463A460B4613A11448103044
:1091200006F014F913A006F0E7F80025AA4600F0AF
:10913000E3F801F0C9FA00BF22E6000014000020A5
:10914000BC010020450000002A2A2A2A525443204C
:10915000555044415445204552524F522A2A2A2AFA
:109160000D0A000000004040252E36660000000079
:10917000A92000202A2A2A2A474E53532047455423
:109180002A2A2A2A0D0A00002DE9F04107461DA0CF
:1091900005F01CFF4FF4FA7000F080FD1CA11E4882
:1091A000FEF79EF81D4908600EE000F0A5F815A036
:1091B00005F00CFF4FF4FA7000F070FD14A1164892
:1091C000FEF78EF815490860144800680028ECD0B6
:1091D00013A11148FEF784F8041E00D0641D152168
:1091E0003846FEF772F83D46002605E014F8010BFC
:1091F00005F8010B701CC6B2142EF7DB00F07CF8EA
:10920000BDE8F08141542B4349434349440D0A00D2
:109210002B49434349443A00BC010020140000207C
:109220004349443A0000000010B511A005F0CEFEFD
:109230004FF4FA7000F032FD11A11448FEF750F817
:10924000134908600EE000F057F812A005F0BEFECA
:109250004FF4FA7000F022FD12A10C48FEF740F81E
:109260000B4908600A4800680028ECD010BD0000D7
:1092700041542B4349504F50454E3F0D0A000000CA
:109280002B4349504F50454E3A000000BC0100208E
:109290001400002041542B4E45544F50454E0D0AAA
:1092A000000000004E6574776F726B206973206157
:1092B0006C7265616479206F70656E656400000092
:1092C00070B503460C464FF6FF7100220FE0985C24
:1092D00080EA1121002507E001F00106490816B1D6
:1092E0004AF2010041406D1C082DF5D3521CA242E8
:1092F000EDD388B270BD000010B5642000F0CEFC44
:1093000000200449C1F804014FF480710148FDF7C1
:10931000DCFF10BDBC01002070B506460C4604F011
:109320008000802808D104F07F0000EB800106F562
:109330008E7000EBC10507E004F07F0000EB8001B8
:1093400006F55D7000EBC10504F07F00287004F0A5
:109350008000C00968702946304605F0F5FA002003
:1093600070BD70B506460C4604F08000802808D118
:1093700004F07F0000EB800106F58E7000EBC10564
:1093800005E004EB840106F55D7000EBC1050020EB
:10939000A87004F07F002870C4F3C01068702946DC
:1093A000304605F0A9FA002070BD70B505460C46A0
:1093B00004F08000802805D104F07F01284605F0E4
:1093C000BDFC02E0284605F093FC002070BD2DE9AD
:1093D000F04106460D4690461F4605F08000802865
:1093E00008D105F07F0000EB800106F58E7000EBE0
:1093F000C10407E005F07F0000EB800106F55D7019
:1094000000EBC10405F07F00207005F08000C0096A
:109410006070C4F80880E770607808B12078E08058
:10942000022F01D1002020712146304605F018FAA4
:109430000020BDE8F0812DE9F04105460E461746B3
:10944000984606F07F0000EB800105F55D7000EBAB
:10945000C104E760C4F814800020A061607006F0C9
:109460007F002070E878012800D12761207820B99A
:109470002146284605F018F903E02146284605F064
:10948000C4FA0020BDE8F08108B500220092009ADD
:1094900061F30A12009202691268009B1A43036981
:1094A0001A6008BD70B506460C4604F0800080289E
:1094B00008D104F07F0000EB800106F58E7000EB10
:1094C000C10505E004EB840106F55D7000EBC10504
:1094D0000120A87004F07F002870C4F3C0106870E9
:1094E0002946304605F05FFA002070BD2DE9F041B5
:1094F00007460D461646984605F07F0000EB8001B2
:1095000007F58E7000EBC1040120607005F07F004C
:109510002070E66026610020A061C4F814802078E5
:1095200020B92146384605F0BFF803E02146384609
:1095300005F06BFA0020BDE8F0811CB5044620461A
:1095400005F07DF8E068C0680090204605F020FC3A
:1095500003280BD10020A0704FF40070A080009869
:1095600020F4705000F51050009009E00120A07028
:109570004020A080009820F4705000F5A05000908A
:109580000098E168C86000200190019820F4005024
:1095900000F5005001900198E168486101201CBD70
:1095A000F8B50546002400200090284605F02FFC61
:1095B000064690E006F0010000287DD0E1B2284682
:1095C00000F002FB0090009800F0010030B3012091
:1095D00000FA04F72869406BB84329694863002002
:1095E0000090009820F00100401C009005F1180048
:1095F00050F8240000998160E1B23948006842685F
:1096000028469047E878012808D13CB940F211106B
:10961000405D042802D1284605F0F1F80098C0F317
:10962000C00060B100200090009820F008000830D1
:10963000009005F1180050F824000099816000980E
:10964000C0F3001060B100200090009820F01000DE
:109650001030009005F1180050F824000099816046
:109660000098C0F3801060B100200090009820F0B6
:1096700040004030009005F1180050F82400009997
:1096800081600098C0F3400060B100200090009815
:1096900020F00200801C009005F1180050F8240012
:1096A000009981600098C0F3C01028B12146284677
:1096B00000F09EFA002000E00BE00090009820F0FF
:1096C00080008030009005F1180050F824000099C7
:1096D0008160641C7608002E7FF46CAF0120F8BD19
:1096E0004C0100207CB50446002500200190204656
:1096F00005F095FB06466FE006F00100002869D0F2
:10970000E9B2204605F093FB0190019800F00100BA
:10971000C8B300200190019820F00100401C019086
:1097200004F1540050F8250001998160E078012887
:1097300017D104F1540050F825000069009005EBA2
:10974000850104F55D7000EBC10080680099C1F3EC
:109750001201411A05EB850204F55D7000EBC200B1
:109760008161E9B21E480068026820469047E078AF
:10977000012808D13DB940F21110005D052802D141
:10978000204605F03CF80198C0F3400060B100208D
:109790000190019820F00200801C019004F1540017
:1097A00050F82500019981600198C0F3C00088B18C
:1097B0000B48006881682046884700200190019886
:1097C00020F008000830019004F1540050F8250002
:1097D000019981606D1C7608002E8DD101207CBD21
:1097E0004C0100203EB50446A07A70B1D4F80C01BB
:1097F0000090009820F002000090009820F00100F6
:1098000000900099D4F80C010160002001900198AB
:1098100020F00100401C01902069406801998843B4
:10982000216948600848006881692046884700200F
:109830000290029820F0004000F10040029002984F
:10984000E168486101203EBD4C0100207CB5044622
:1098500000200190019820F0100010300190E06885
:10986000806901998843E1688861E068006A009036
:10987000009800F00F0000EB800104F55D7000EB34
:10988000C1050098C0F3434007282DD2DFE800F05F
:109890002C04051D1E2C1F0027E00098C0F30A10A1
:1098A00090B10098C0F30A122046E96805F0C9FAA1
:1098B000E8680099C1F30A110844E860A8690099B2
:1098C000C1F30A110844A8610FE00EE00DE0082280
:1098D00004F2CC51204605F0B4FAA8690099C1F30E
:1098E0000A110844A86100E000BF00BFE068806979
:1098F00001990843E168886101207CBD38B50446C0
:1099000008480068C16820468847002000900098F9
:1099100020F00800083000900098E16848610120BC
:1099200038BD00004C0100201FB504460020009007
:109930004FF48970005D009023480068416920461B
:10994000884720698068019000200390039820F4E4
:10995000006000F5006003900398E1684861A07A18
:1099600070B3019800F0010050B340F21510005D93
:10997000012825D19DF80000032821D10020029064
:10998000029820F00100401C0290D4F80C010068FD
:1099900002990843D4F80C110860029820F00200E4
:1099A000801C0290D4F80C01006802990843D4F896
:1099B0000C1108600548006840F006000349086083
:1099C000012004B010BD00004C01002010ED00E0AB
:1099D00030B587B0044600200290069005900490B0
:1099E00003900190029820F00100401C0290206931
:1099F000406802998843216948600021204605F0AB
:109A00009DF900250BE0FF2104F1180050F8250016
:109A1000816004F1540050F8250081606D1C60786D
:109A2000A842F0D84FF0FF312069816106986FF3AA
:109A30000F00401C0690069880B200F5803006901A
:109A400006992069C161059820F00800083005904A
:109A5000059820F00100401C0590059820F00200B8
:109A6000801C0590059920694161049820F001004F
:109A7000401C0490049820F00800083004900498DA
:109A800020F00200801C0490049920690161206983
:109A900000680390039820F4FE6003900399206906
:109AA0000160204604F0ABFE00200190019820F4F4
:109AB000805000F5805001900198E16848610448A9
:109AC0000068016920468847012007B030BD0000CA
:109AD0004C0100202DE9F04106460F46394630463C
:109AE00005F0C4F901214FF4897081550021801CD3
:109AF0008155002511E005EB850106F58E7000EB20
:109B0000C104012060702570E5800020E0704020D5
:109B1000A0600020E06060616D1C7078A842EAD807
:109B2000002510E005EB850106F55D7000EBC10432
:109B3000002060702570E580E0704020A06000206B
:109B4000E06060616D1C7078A842EBD8304604F08C
:109B500065FD304604F092FB0021304605F0EEF939
:109B6000304604F01EFC304605F0B1F8BDE8F08147
:109B700038B504460020009007480068C1692046B7
:109B80008847009820F4801000F58010009000981D
:109B9000E1684861012038BD4C01002038B5044619
:109BA0000020009007480068016A20468847009816
:109BB00020F4001000F5001000900098E168486162
:109BC000012038BD4C01002030B5024615692B69D3
:109BD00015696C6B24FA01F505F0010543EAC5131C
:109BE00002F1180555F82150AD6805EA030030BDB3
:109BF0002DE9F84307460E4600250020009006EBAD
:109C0000860107F58E7000EBC104D4E90501451A01
:109C1000A068A84200D2A568E81C4FEA900807F1A6
:109C2000180050F82600806900901BE0D4E9050177
:109C3000451AA068A84200D2A568E81C4FEA90081F
:109C4000ABB2F2B23846E16805F09FF9E06828440B
:109C5000E060A0692844A06107F1180050F82600D0
:109C600080690090009880B2404506D9D4E905107B
:109C7000884202D260690028D8D10120BDE8F8836B
:109C8000704701460A2091FBF0F200FB12100A22F5
:109C900091FBF2F240EA0210C0B2704700B50346F1
:109CA00003E04FF47A7000F011F8181EA3F10103DD
:109CB000F7D100BD10B5044603E04FF47A70FFF70A
:109CC000EDFF201EA4F10104F7D110BD00EBC0018F
:109CD000C9004FF0E022516100219161052111611D
:109CE00000BF4FF0E021096901F480310029F8D06C
:109CF00004214FF0E022116170470000F8B50646DC
:109D00000D4614466378227806A1284605F01EFB0E
:109D1000A078009063782A4606A1304605F016FB2D
:109D2000F8BD0000303A2F253032645F25303264B0
:109D30000000000025732F253032645F2530326427
:109D40002E747874000000007CB501AA694608A052
:109D500006F05BFC05460DB101207CBD01984089F1
:109D6000009900FB01F40CB10020F6E70120F4E7B4
:109D7000303A00002DE9F04FCDB082468B461446B4
:109D8000594642A807F0CAFA8146B9F1000F0ED031
:109D9000FFF7DAFF012802D14DB0BDE8F08F584639
:109DA00006F085FD8146B9F1000F00D0F4E742A826
:109DB00006F01FFCFFF7C8FF012800D1ECE71322D3
:109DC0005146464807F0A8F98146B9F1000F7FD106
:109DD000002040904190802120A8FDF776FA237959
:109DE000A2783FA140A805F0B1FA4049086BFDF701
:109DF0003FFC05460E463D49D1F82B00FDF738FCE7
:109E0000074688463949D1F82600FDF731FCCDE9EF
:109E10001E013649D1F82100FDF72AFCCDE91C01CD
:109E20003249C869FDF724FCCDE91A012F49D1F860
:109E30001700FDF71DFCCDE918012C49D1F81200DF
:109E4000FDF716FCCDE916012849D1F80D00FDF704
:109E50000FFCCDE9140125498868FDF709FCCDE91F
:109E60000E78CDE91056CDE91201DDE91E01CDE9EC
:109E70000C01DDE91C01CDE90A01DDE91A01CDE99A
:109E80000801DDE91801CDE90601DDE91601CDE99A
:109E90000401DDE91401CDE90201DDE9120140AA66
:109EA000CDE90001124920A805F050FA0B48C1681D
:109EB00006F02DFC20A8FDF72FFA05460D4B2A468B
:109EC00020A9064807F0B1FA814600E000E000BF93
:109ED000024806F07DFB00BF5EE70000F43600207C
:109EE000253032645F25303264000000CC0E002043
:109EF000B42801086C00002008B50121082001F0F9
:109F0000CFFB4FF48070ADF8000003208DF8020005
:109F100014208DF803006946084800F011F84FF44A
:109F20000070ADF8000003208DF8020014208DF8B9
:109F300003006946014800F003F808BD000C014029
:109F40002DE9F041024600250026002000230024D0
:109F5000002791F803C00CF00F0591F803C00CF036
:109F6000100CBCF1000F03D091F802C04CEA0505BB
:109F700091F800C0BCF1000F31D0146800202BE034
:109F80004FF0010C0CFA00F3B1F800C00CEA030624
:109F90009E4220D183004FF00F0C0CFA03F7BC4314
:109FA00005FA03FC4CEA040491F803C0BCF1280F45
:109FB00006D14FF0010C0CFA00FCC2F814C00AE004
:109FC00091F803C0BCF1480F05D14FF0010C0CFA19
:109FD00000FCC2F810C0401C0828D1D31460B1F8AE
:109FE00000C0BCF1FF0F34DD546800202EE000F10A
:109FF000080C4FF0010808FA0CF3B1F800C00CEAA5
:10A0000003069E4221D183004FF00F0C0CFA03F798
:10A01000BC4305FA03FC4CEA040491F803C0BCF10C
:10A02000280F05D100F1080C08FA0CF8C2F81480CA
:10A0300091F803C0BCF1480F07D100F1080C4FF0B4
:10A04000010808FA0CF8C2F81080401C0828CED38A
:10A050005460BDE8F0810000F0B50A4600230024FA
:10A060000021002500F00046B6F1004F02D11D4E40
:10A07000F16901E01B4E7168C0F3034583B200F43F
:10A080004016B6F5401F08D121F07061154E766874
:10A0900026F07066134F7E6012E000F48016B6F56D
:10A0A000801F06D1032606FA05F4A14341F0706132
:10A0B00006E0460D360103FA06F6B14341F0706141
:10A0C00022B1460D360103FA06F6314300F0004690
:10A0D000B6F1004F02D1034EF16101E0014E716013
:10A0E000F0BD0000000001400246002093680B40D4
:10A0F0000BB1012000E00020704741617047016111
:10A1000070470AB1016100E04161704708B5012163
:10A11000042001F0C5FA0121102001F0C1FA10203D
:10A120008DF80300C002ADF8000003208DF8020096
:10A1300069460D48FFF704FF4FF400410A48FFF756
:10A14000DCFF10208DF803008001ADF80000032033
:10A150008DF8020069460548FFF7F2FE4FF4806172
:10A160000248FFF7CAFF08BD000801400010014087
:10A1700010B54FF480610648FFF7C1FF40F6B830D4
:10A18000FFF78CFD4FF480610148FFF7B6FF10BD6B
:10A190000010014010B54FF480610648FFF7AFFF93
:10A1A0006420FFF77BFD4FF480610248FFF7A5FFB5
:10A1B00010BD0000001001402DE9F04FADF53F7DCE
:10A1C000044689469246DDF820B3BAA9204607F036
:10A1D0001FFBBAAA5CA1B5A805F0B8F84FF400714E
:10A1E00035A8FDF772F8206BFDF742FA05460E46DA
:10A1F000D4F82B00FDF73CFA07468846D4F8260031
:10A20000FDF736FACDE93001D4F82100FDF730FA38
:10A21000CDE92E01E069FDF72BFACDE92C01D4F848
:10A220001700FDF725FACDE92A01D4F81200FDF751
:10A230001FFACDE92801D4F80D00FDF719FACDE990
:10A240002601A068FDF714FACDE924013420005D51
:10A25000CDE9205622902F20005DCDE91C781E907C
:10A260002A20005D1A90DDE93001CDE91801252092
:10A27000005D1690DDE92E01CDE914012020005D7E
:10A280001290DDE92C01CDE91001E07E0E90DDE9B0
:10A290002A01CDE90C01A07D0A90DDE92801CDE974
:10A2A0000801607C0690DDE92601CDE90401207BF0
:10A2B0000290DDE92401BAAACDE90001254935A8BB
:10A2C00005F044F835A80521CDE901A9CDE9031031
:10A2D00040F2DB701923B5AA1FA100902E4805F0AB
:10A2E00035F82D48FDF718F885B229462A48FEF7BB
:10A2F000E7FF349035A8FDF70FF880B23390264879
:10A30000FDF70AF80A3080B232903298584508DDDD
:10A3100022A004F0F1FF4FF0FF300DF53F7DBDE8C6
:10A32000F08F4FF480612148FCF7CFFF1A48FCF70B
:10A33000F3FF05463498184B2A461DA100901B4890
:10A3400005F004F80020E8E7252E31347330303072
:10A3500000000000E8260108514E3D25733B535490
:10A360003D25643B434E3D25643B50573D25733BA3
:10A370004D4E3D25733B466C61673D25643B504E19
:10A38000554D3D313B504E4F3D313B43503D2626D0
:10A390002573262600000000CC080020BBBAB3E5D8
:10A3A000C7F8B2BBD7E30D0A00000000CC040020C0
:10A3B0002323253034642573253034580D0A0000DA
:10A3C00000BFFEE770B504460C492046FDF7A2F930
:10A3D00003D800200A4908700FE02046FDF748F92D
:10A3E00005460022074BFDF757F903D80120044921
:10A3F000087002E002200249087070BD0000204190
:10A400002A0000200000234010B54FF480700C4952
:10A41000086000F02FF94FF400700949086000F05F
:10A4200029F94FF480700649091F086000F022F9ED
:10A430004FF480700249086000F01CF910BD000064
:10A44000140C014010B54FF480700C49086000F006
:10A4500011F94FF400700949091F086000F00AF96A
:10A460004FF480700549091F086000F003F94FF4AC
:10A4700080700249086000F0FDF810BD140C014026
:10A4800070B508250024A8011249086016E060068E
:10A49000040E4FF480700F49091D086000F0EAF8BF
:10A4A0004FF480700B49086000F0E4F80948083860
:10A4B000006800F4007008B144F00104281EA5F102
:10A4C0000101CDB2E3D14FF480700249091D08604B
:10A4D000204670BD100C014070B5044608251DE0F3
:10A4E0004FF480701249086000F0C4F804F0800056
:10A4F00028B14FF400700E49091F086003E04FF4C3
:10A5000000700B4908606006040E00F0B3F84FF4C9
:10A5100080700749091F086000F0ACF8281EA5F1FB
:10A520000101CDB2DCD14FF480700149086070BDEB
:10A53000140C014010B54FF400701149086000F090
:10A5400099F84FF480700E49086000F093F80C48B9
:10A550000838006800F4007008B9002010BD4FF4FE
:10A5600000700749091D086000F084F84FF48070FE
:10A570000349091D086000F07DF80120EEE70000A6
:10A58000100C014010B54FF480700C49086000F0C9
:10A5900071F84FF400700949086000F06BF84FF44F
:10A5A00080700649091F086000F064F84FF40070DD
:10A5B0000249091F086000F05DF810BD140C01404D
:10A5C00010B54FF480701249086000F053F84FF452
:10A5D00000700F49091F086000F04CF84FF48070BC
:10A5E0000B49091F086000F045F809480C3800685D
:10A5F00000F4007028B14FF4807005490860002015
:10A6000010BD4FF48070024908600120F8E7000097
:10A61000140C01402DE9F04104460E4617461D4634
:10A62000642C01D104F037FEFFF784FF2046FFF7CA
:10A6300053FFFFF7C5FF20B9FFF7A4FF0020BDE8D7
:10A64000F0813046FFF748FFFFF7BAFF05E015F845
:10A65000010BFFF741FFFFF7D7FE381EA7F10101FD
:10A66000CFB2F4DCFFF78EFF642C01D104F0F0FDD3
:10A670000120E4E70C2001E0411EC8B20028FBD114
:10A68000704710B51420FFF721FB10BD10B5FFF780
:10A6900033FC10BD4CF6CC40014908607047000007
:10A6A0000030004010B545F2555000F021F806206A
:10A6B00000F012F840F6FF7000F014F800F004F813
:10A6C000FFF7E8FF10BD00004AF6AA200149086024
:10A6D00070470000003000400149486070470000AA
:10A6E00000300040014988607047000000300040A1
:10A6F00001490860704700000030004008B50121A2
:10A70000102000F0CDFF10208DF803004001ADF8BF
:10A71000000003208DF8020069460448FFF710FC92
:10A720004FF400710148FFF7EAFC08BD001001403A
:10A7300008B50121082000F0B3FF10208DF80300B8
:10A740000002ADF8000003208DF8020069460448BD
:10A75000FFF7F6FB4FF480510148FFF7D0FC08BD2E
:10A76000000C01402DE9F047DEB007460C461546C7
:10A770005AA9384607F04CF85AAA27A155A804F060
:10A78000E5FD402145A8FCF7A0FD4FF4807105A828
:10A79000FCF79BFD234901F110005AAB22A2CDE941
:10A7A0000001402145A804F0B7FD45A808212B462B
:10A7B00055AACDE90041029024A105A804F0C6FDE8
:10A7C00005A8FCF7A9FD86B2314605A8FEF778FD7D
:10A7D000804645A8FCF7A0FD1FFA80F94FF4806180
:10A7E0002748FCF772FD05AB324626A12448CDF878
:10A7F000008004F0ABFD2248FCF78EFD82465246F5
:10A8000024A103A804F0A2FD1D4903A8FEF7E2F865
:10A810005EB0BDE8F0870000252E31347330303053
:10A8200000000000A92000204461746154696D6536
:10A830003D25733B4C6E673D25732C4C61743D2563
:10A84000733B53423152533D31000000514E3D2580
:10A85000733B53543D37333B434E3D333034313BF0
:10A8600050573D25733B4D4E3D25733B466C61670C
:10A870003D25643B43503D262625732626000000D7
:10A88000CC0400202323253034642573253034582C
:10A890000D0A00002564000008B50121102000F019
:10A8A000FFFE14208DF803004FF4C070ADF80000D7
:10A8B00003208DF8020069460448FFF741FB4FF47E
:10A8C000C0710248FFF71BFC08BD000000100140EA
:10A8D0002DE9F04105460F46164600F072FAA02019
:10A8E00000F04DFA00F00EFA281200F048FA00F0DD
:10A8F00009FAE8B200F043FA00F004FA012804D1A2
:10A9000000F073FA0120BDE8F08100F05AFAA120AE
:10A9100000F035FA00F0F6F9012803D100F065FAED
:10A920000120F0E7002410E000F001FA3855711E14
:10A93000A14201D1012100E00021084600F010FAF7
:10A940000A20FFF7C3F9601CC4B2B442ECDB00F08C
:10A950004CFA0020D7E72DE9F04104460E46174691
:10A9600000F02FFA10B10120BDE8F081A02000F026
:10A9700006FA00F0C7F9012803D100F036FA0120E9
:10A98000F2E7201200F0FBF900F0BCF9E0B200F0B1
:10A99000F6F900F0B7F9002506E0705D00F0EFF978
:10A9A00000F0B0F9681CC5B2BD42F6DB00F01DFA3C
:10A9B0000A20FFF773F90020D6E7000010B504461F
:10A9C0000D48007B48B90C48806830B10B480078CE
:10A9D00018B901212046FEF765FD81212046FEF7CA
:10A9E00061FD06480078022805D11F23024A012193
:10A9F0002046FEF720FD10BD9C870020610100204D
:10AA000010B504462B4840682B49486029488068A7
:10AA100088600121204602F03AFE1F2810D1254807
:10AA20000068264988420BD12248407B012807DC78
:10AA30002048807B012803DB1E48807B10280CDD2A
:10AA40001C49487B2022052101F0C8FB02201C493B
:10AA500008702046FFF7B2FF2AE01648417B00F15C
:10AA60000F02204601F010F9002803DA2046FFF714
:10AA7000A5FF1DE013480078022819D0114800787E
:10AA8000012815D00F480078032811D00E480088FF
:10AA9000002806DD0C4802880C49204600F0E0F84A
:10AAA00006E00948008818B90021204600F0B8F8EF
:10AAB00010BD00009C870020BC87002055534243F6
:10AAC00061010020600100205E0100209C670020E1
:10AAD00070B505460C460C480078022807D1812144
:10AAE0002846FEF7DFFC0020074908700BE004F061
:10AAF0008000802807D104480078012803D0012174
:10AB0000284600F08DF870BD6101002070B5044644
:10AB10000D4610480078022804D0032811D00428DC
:10AB200014D10DE00C48417B00F10F02204601F0EA
:10AB3000ABF8002803DA0121204600F071F806E0A6
:10AB400000BF0021204600F06BF800E000BF00BF0E
:10AB500070BD0000600100209C87002070B5044695
:10AB60000D460D48007810B1012812D103E02046AF
:10AB7000FFF746FF0EE00948417B00F10F02204637
:10AB800001F082F8002803DA0121204600F048F89D
:10AB900000E000BF00BF70BD600100209C87002066
:10ABA0000021014A117070476001002010B5044671
:10ABB00000200C4908700C4908700C4800680168B6
:10ABC0000020884701212046FEF7EFFB8121204627
:10ABD000FEF7EBFB1F23064A01212046FEF72BFC64
:10ABE00010BD00006001002061010020F80000207D
:10ABF0009C87002010B504460020064908700120FB
:10AC0000054908701F23054A01212046FEF713FC61
:10AC100010BD000060010020610100209C87002021
:10AC200070B505460C460A480A4908600846047390
:10AC30000020094908700D23064A81212846FEF7A5
:10AC400055FC1F23054A01212846FEF7F4FB70BD81
:10AC500055534253BC870020600100209C87002090
:10AC600070B506460D4614460C488068A04202D2D4
:10AC70000A48806800E0204684B209488068001BCA
:10AC8000074988600020087304200649087023469D
:10AC90002A4681213046FEF729FC70BD9C870020A2
:10ACA000BC8700206001002000BFFEE730B50246EF
:10ACB0000B464FF6FF70002112E0545C6040002408
:10ACC0000AE000F0010525B140104AF20105684094
:10ACD00000E04010651CECB2082CF2DB4C1CA1B269
:10ACE0009942EADB30BD000010B54FF48071044892
:10ACF000FFF7FAF904460A20FEF7E8FF204610BDE8
:10AD00000010014010B5002000F07EF8012000F096
:10AD100087F8012000F078F80A20FEF7D7FFFFF748
:10AD2000E3FF0446002000F06FF8204610BD70B528
:10AD30000025012000F074F800240DE0012000F04F
:10AD400063F8FFF7D1FF10B18020204105430020B8
:10AD500000F05AF8601CC4B2082CEFDB284670BD26
:10AD600010B50446002000F04FF8204600F058F8D7
:10AD7000012000F049F8002000F046F810BD70B541
:10AD80000546002417E0002000F03EF88021214114
:10AD9000294009B1012100E00021084600F040F8F7
:10ADA0000A20FEF793FF012000F02EF80A20FEF79C
:10ADB0008DFF601CC4B2082CE5DB002000F024F8F5
:10ADC00070BD10B5012000F02BF8012000F01CF838
:10ADD000FFF78AFF08B9012010BD002000F020F81D
:10ADE000002000F011F80020F6E710B5002000F078
:10ADF0000BF8002000F014F8012000F005F8012005
:10AE000000F00EF810BD000010B504462246802167
:10AE10000248FFF776F9FFF734FC10BD001001403F
:10AE200010B5044622464FF480710348FFF769F9D4
:10AE3000FFF727FC10BD00000010014008B50121FC
:10AE4000182000F02DFC10208DF803004FF4404036
:10AE5000ADF8000003208DF8020069461248FFF7A4
:10AE60006FF810208DF803004020ADF8000003209B
:10AE70008DF8020069460D48FFF762F848208DF80A
:10AE800003004FF40050ADF8000003208DF80200DD
:10AE900069460548FFF754F8012000F055F80020F6
:10AEA00000F046F808BD0000000C01400010014011
:10AEB00010B54FF400510248FFF716F910BD00001D
:10AEC000000C014010B5002000F03EF810BD10B598
:10AED000012000F039F810BD70B5054600260024A9
:10AEE00017E080212141294009B1012100E0002122
:10AEF000084600F013F8012000F01AF8FFF7D8FF19
:10AF000010B1802020410643002000F011F8601CA1
:10AF1000C4B2082CE5DB304670BD000010B5044615
:10AF2000224640210148FFF7ECF810BD0010014017
:10AF300010B5044622464FF400410248FFF7E1F8FD
:10AF400010BD0000000C014010B5044622464FF42D
:10AF500080410248FFF7D5F810BD0000000C014009
:10AF600030B503460024002004E01D5C8D4200D172
:10AF70001C18401C904202D21D5C002DF5D12046C9
:10AF800030BD704770B5002100230F22C47804B390
:10AF9000154C246804F4E064C4F5E064210AC1F1AE
:10AFA0000403CA40447804FA03F18478144021432E
:10AFB00009010E4C0678A155047804F01F05012400
:10AFC000AC4005786D11AD0005F1E025C5F80041F4
:10AFD00009E0047804F01F050124AC40044D067814
:10AFE000761145F8264070BD0CED00E000E400E06D
:10AFF00080E100E002490143024A1160704700000D
:10B000000000FA050CED00E010B54FF400710248A5
:10B01000FFF775F810BD00000010014010B54FF4A7
:10B0200000710248FFF769F810BD000000100140F0
:10B0300010B5024802F08CFC10BD0000CC200020AE
:10B0400010B5FFF741FB05A004F056F903F0D4FF5B
:10B0500007A004F051F907F0E1F810BD4552415343
:10B06000452053544152542020202020000000004D
:10B0700045524153452046494E4953480D0A000068
:10B0800010B5FFF721FB03A004F036F907F0C6F86E
:10B0900010BD000054686520706172616D65746553
:10B0A00072284750532920686173206E6F742062A4
:10B0B00065656E207574696C697A65642E0D0A0089
:10B0C0002DE9F05F07460E46DFF8D88036A14046EE
:10B0D000FCF729F930B933461922394633A004F078
:10B0E0000BF949E041463DA004F006F90024A146D1
:10B0F0000025A3463CA14046FCF7F2F8041E18D0F8
:10B10000E41C3B212046FCF7FDF8B0F100090CD00F
:10B1100020213846FCF7D9F8BA4603E014F8010BB1
:10B120000AF8010B4C45F9D300BF39462FA004F0B3
:10B13000E3F832A14846FCF7D3F8051E18D02D1DC0
:10B140003B212846FCF7DEF8B0F1000B0CD02021A3
:10B150003046FCF7BAF8B24603E015F8010B0AF8DE
:10B16000010B5D45F9D300BF314626A004F0C4F8B9
:10B1700028A004F0C1F800BF202239460020FFF7C4
:10B18000EAFB0A20FEF78AFD202231461046FFF72F
:10B19000E2FB0A20FEF782FD07F040F8FFF794FA81
:10B1A000BDE8F09F2F1F0020000000006D6E3D25C0
:10B1B000733B73743A25643B7077643D25733B6D34
:10B1C000696E3D353B74656E3D303B686F75723D11
:10B1D000303B6461793D303B0D0A00007061726163
:10B1E0006D3A25730D0A00006D6E3D004D4E636F84
:10B1F0006E6669673A25730D0A0000007077643D3A
:10B2000000000000505744636F6E6669673A25730B
:10B210000D0A00005468652075706C6F61642074BD
:10B22000696D652835206D696E2920616E64205333
:10B2300054283232292068617665206E6F7420624E
:10B2400065656E2061646A75737465640D0A00003B
:10B250002DE9F05F07460D46FFF736FADFF8C89094
:10B2600032A14846FCF75FF828B92A46394630A093
:10B2700004F042F844E0494632A004F03DF80024CE
:10B28000A0460026A34632A14846FCF729F8041E32
:10B2900018D0241D3B212046FCF734F8B0F10008FB
:10B2A0000CD020213846FCF710F8BA4603E014F819
:10B2B000010B0AF8010B4445F9D300BF394626A01B
:10B2C00004F01AF8B8F1000F19D008F107063B2175
:10B2D0003046FCF717F8B0F1000B0CD020212846BF
:10B2E000FBF7F3FFAA4603E016F8010B0AF8010B7F
:10B2F0005E45F9D300BF29461BA003F0FDFF00BF48
:10B30000202239464020FFF726FB0A20FEF7C6FC24
:10B31000202229466020FFF71EFB0A20FEF7BEFC14
:10B3200006F07CFFBDE8F09F2F1F0020000000000A
:10B330006970313D25733B706F7274313D25733BED
:10B340000D0A0000706172616D3A25730D0A0000EC
:10B350006970313D000000004950636F6E66696797
:10B360003A25730D0A000000504F5254636F6E6609
:10B3700069673A25730D0A0010B5FFF7A5F903A018
:10B3800003F0BAFF06F04AFF10BD000054686520C4
:10B39000706172616D657465722853414D504C4502
:10B3A0002920686173206E6F74206265656E207558
:10B3B00074696C697A65642E0D0A000010B586B058
:10B3C000FFF782F9002004900590082204A903F0F9
:10B3D0004AFE25A003F090FF002405E004A8015DCB
:10B3E00025A003F089FF641C082CF7DB24A003F0E0
:10B3F00083FF002003F071FE22A207CA01AB07C33E
:10B40000082201A9002003F008FE00200490059006
:10B41000082204A903F027FE1DA003F06DFF0024FD
:10B4200005E004A8015D14A003F066FF641C082C6D
:10B43000F7DB13A003F060FF9DF81000312807D15F
:10B440009DF81700382803D116A003F055FF02E03D
:10B4500017A003F051FF002003F03FFE06F0DEFED0
:10B46000FFF732F906B010BD4F726967696E616C03
:10B4700020446174613A00002530327820000000D9
:10B480000D0A000031323334353637380000000001
:10B4900052656164205772697474656E20446174EA
:10B4A000613A000054657374204F6B0D0A00000070
:10B4B00054657374204572726F720D0A00000000AB
:10B4C0007FB50446FFF700F9214E22A13046FBF775
:10B4D0002AFF70B9A07961792279CDE90021029023
:10B4E000A3786278207800F5FA611BA003F004FFCE
:10B4F0002BE03046FBF732FF039021A0039903F0C5
:10B50000FBFE03A8FCF758F90546287D6438207037
:10B51000287C401C6070287BA070287A20712879D4
:10B5200060712878A071204600F0A2FAA0796179B4
:10B530002279CDE900210290A3786278207800F585
:10B54000FA6112A003F0D8FE00BF06F067FE7FBDCF
:10B550002F1F00200000000041542B54494D453A54
:10B56000253034642D253032642D25303264202579
:10B570003032643A253032643A253032640D0A00A4
:10B5800074696D653A25640D0A0000004E45572028
:10B5900054494D453A2534642D253032642D2530EB
:10B5A000326420253032643A253032643A25303214
:10B5B000640D0A00704700002DE9F047FCF7FEFE1D
:10B5C000FCF7FCFE81464846FCF74DF807460C495F
:10B5D000FBF75BFF06460B49FBF757FF05460A4999
:10B5E000FBF721FF04462046FCF742F80746074ACE
:10B5F000074BFBF788FF0546FCF766F8BDE8F087C8
:10B6000000F07F450000204100007D439A99999900
:10B610009999D93F10B5FFF757F801F033FA06F0C2
:10B62000FDFDFFF751F810BD01460020034A5068A8
:10B6300020F4404008435060704700000010024072
:10B6400029B1064A52690243044B5A6104E0034A95
:10B6500052698243014B5A6170470000001002405A
:10B6600029B1064AD2690243044BDA6104E0034A75
:10B67000D2698243014BDA6170470000001002403A
:10B6800029B1064A12690243044B1A6104E0034AD5
:10B6900012698243014B1A6170470000001002409A
:10B6A00029B1064A92690243044B9A6104E0034AB5
:10B6B00092698243014B9A6170470000001002407A
:10B6C00029B1064AD2680243044BDA6004E0034A17
:10B6D000D2688243014BDA607047000000100240DC
:10B6E0002DE9F0410021002200250023002600243E
:10B6F00000278C46DFF86081D8F8048008F00C0140
:10B7000021B1042907D0082959D109E0DFF84C817B
:10B71000C0F8008058E0DFF84881C0F8008053E0AE
:10B72000DFF83481D8F8048008F47012DFF828813B
:10B73000D8F8048008F48035920C0D2A01D0921CB0
:10B7400000E0062235B9DFF81C8102FB08F8C0F8DA
:10B75000008033E0DFF80081D8F82C8008F48036D0
:10B76000DFF8F480D8F82C8008F00F0808F1010405
:10B7700046B9DFF8EC80B8FBF4F808FB02F8C0F833
:10B7800000801BE0DFF8D080D8F82C80C8F30318C5
:10B7900008F10107DFF8C080D8F82C80C8F303282F
:10B7A00008F1020CDFF8B880B8FBF7F808FB0CF8DA
:10B7B000B8FBF4F808FB02F8C0F8008004E0DFF8FA
:10B7C0009C80C0F8008000BF00BFDFF88C80D8F8F4
:10B7D000048008F0F0010909DFF88C8018F80130C6
:10B7E000D0F8008028FA03F8C0F80480DFF86880F9
:10B7F000D8F8048008F4E061090ADFF86C8018F8D2
:10B800000130D0F8048028FA03F8C0F80880DFF887
:10B810004880D8F8048008F46051C90ADFF84880ED
:10B8200018F80130D0F8048028FA03F8C0F80C802A
:10B83000DFF82480D8F8048008F44041890BDFF851
:10B840002C8018F80130D0F80C80B8FBF3F8C0F861
:10B850001080BDE8F08100000010024000127A0064
:10B860000024F40000093D0000000020100000202A
:10B8700010B588B0044601218804FFF7F1FE0121CC
:10B880000820FFF70DFF01212020FFF709FF1820F6
:10B890008DF81F004FF48060ADF81C0003208DF878
:10B8A0001E0007A92648FEF74BFB48208DF81F0015
:10B8B0004FF40060ADF81C0003208DF81E0007A9AE
:10B8C0001F48FEF73DFB03940020ADF818000C2044
:10B8D000ADF816000020ADF81400ADF81200ADF878
:10B8E000100003A9174801F04BFC012240F225513A
:10B8F000144801F020FC27208DF8080001208DF865
:10B900000B008DF8090002208DF80A0002A8FFF74D
:10B9100039FB01210B4801F07DFB0420ADF8040048
:10B9200010208DF8070003208DF8060001A90648B5
:10B93000FEF706FB04210448FEF7DFFB08B010BD4C
:10B94000000C0140004800400014014010B50421E3
:10B950000148FEF7D2FB10BD0014014070B505464A
:10B960000E4600F025F84FF4FA70FEF7AFF9002408
:10B970000CE000BF80210D4801F0A6FB0028F9D0A3
:10B98000295D0A4801F06DFC601CC4B2B442F0DBD2
:10B9900000BF8021054801F097FB0028F9D0022064
:10B9A000FEF77CF9FFF7D2FF70BD000000480040B1
:10B9B00010B504210148FEF7A2FB10BD00140140A0
:10B9C00070B50446FEF7B6FD6420FEF785FDFEF770
:10B9D000F7FD18B9FEF7D6FD002070BD0020FEF778
:10B9E0007BFDFEF7EDFDFEF7A5FD6520FEF774FD7E
:10B9F000FEF7E6FDFEF744FD0546FCF7C9FDA07124
:10BA0000FEF702FDFEF73CFD0546FCF7C1FD607147
:10BA1000FEF7FAFCFEF734FD00F07F052846FCF740
:10BA2000B7FD2071FEF7F0FCFEF72AFD0546FCF796
:10BA3000AFFDE070FEF7E8FCFEF722FD0546FCF7DF
:10BA4000A7FDA070FEF7E0FCFEF71AFD0546FCF727
:10BA50009FFD6070FEF7D8FCFEF712FD0546FCF76F
:10BA600097FD2070FEF7EEFCFEF78CFD0120B4E799
:10BA700070B5044603F00FFCFEF75CFD6420FEF792
:10BA80002BFDFEF79DFD18B9FEF77CFD002070BD73
:10BA90000020FEF721FDFEF793FDA079382808DC91
:10BAA000A179C91CC8B2FEF7ECF80546FEF714FDF3
:10BAB00002E05920FEF710FDFEF782FD6079FEF7E7
:10BAC000E0F80546FEF708FDFEF77AFD2079FEF75F
:10BAD000D8F840F080052846FEF7FEFCFEF770FD22
:10BAE000E078FEF7CEF80546FEF7F6FCFEF768FDB7
:10BAF000A078FEF7C6F80546FEF7EEFCFEF760FDFF
:10BB00006078FEF7BEF80546FEF7E6FCFEF758FD46
:10BB10002078FEF7B6F80546FEF7DEFCFEF750FD8E
:10BB2000FEF730FD03F094FB0120B0E72DE9F04172
:10BB300004460F4615461E46202221460020FEF7E9
:10BB4000C7FE0A20FEF7AAF8202239461046FEF763
:10BB5000BFFE0A20FEF7A2F8202229464020FEF769
:10BB6000B7FE0A20FEF79AF8202231466020FEF741
:10BB7000AFFE0A20FEF792F8102209495001FEF7A5
:10BB8000A7FE0A20FEF78AF81022054910314FF46B
:10BB90000870FEF79DFE0A20FEF780F8BDE8F081F0
:10BBA000A920002070B506460C46154660190749C5
:10BBB0000968884207D921220521304600F00EFB92
:10BBC0004FF0FF3070BD0020FCE700008000002037
:10BBD00030B504460A46507800F0010010B10E4B13
:10BBE00007210CE00D480068C06904EBC40500EBB8
:10BBF00085031879411D1079884200DC11790848C5
:10BC0000018004E0481E81B2585C064D685400294A
:10BC1000F8D1002030BD000034260108F8000020D3
:10BC20005E0100209C67002010B502460B460821EB
:10BC30000648018005E0481E81B20548405C054C7D
:10BC400060540029F7D1002010BD00005E010020E3
:10BC5000432601089C67002010B502460B460821C8
:10BC60000648018005E0481E81B20548405C054C4D
:10BC700060540029F7D1002010BD00005E010020B3
:10BC80003B2601089C67002070B505460E46144609
:10BC900032480560207823283ED00DDC1A2831D0A8
:10BCA00005DCB0B1032819D012284ED11BE01B28A7
:10BCB0001ED01E2849D120E02A283CD004DC2528AB
:10BCC0002FD0282841D131E02F2839D05A283CD113
:10BCD0001DE02146304600F0A7FA70BD21463046EF
:10BCE00000F030FAF9E721463046FFF771FFF4E73C
:10BCF0002146304600F090FAEFE72146304600F04A
:10BD00008BFAEAE721463046FFF7A6FFE5E7214632
:10BD10003046FFF789FFE0E72146304600F0CEF9D4
:10BD2000DBE72146304600F06DF9D6E72146304684
:10BD300000F0E4F8D1E72146304600F0C5FACCE740
:10BD40002146304600F098FAC7E720220521304608
:10BD500000F044FA4FF0FF30BFE7000094000020ED
:10BD60002DE9F041054627480068B0F5005F02D292
:10BD70002448006801E04FF400500446224800685F
:10BD8000B4FBF0F086B2204800232049026803C9C2
:10BD9000FBF7FCF907461E48006833463A461D4942
:10BDA000D0F810C02846E047002808DA1122042104
:10BDB000284600F013FA4FF0FF30BDE8F08123462B
:10BDC000144A812114480068FDF790FB0F48D0E920
:10BDD0000020121940F100000C49C1E90020094877
:10BDE0000068001B074908600C488068001B0B496D
:10BDF00088600448006810B90320094908700020D1
:10BE0000DBE70000900000207C000020880000207C
:10BE1000F80000209C67002094000020BC870020D0
:10BE2000600100202DE9F04105462D480068B0F57D
:10BE3000005F02D22A48006801E04FF40050044637
:10BE400028480068B4FBF0F086B226480023264953
:10BE5000026803C9FBF79AF907462448006833468D
:10BE60003A462349D0F814C02846E047002808DAAB
:10BE700003220421284600F0B1F94FF0FF30BDE85D
:10BE8000F0811948D0E90020121940F1000016494C
:10BE9000C1E9002012480068001B114908601548DC
:10BEA0008068001B134988600D48006828B900218C
:10BEB00011480068FEF7B4FE10E009480068B0F5CC
:10BEC000005F02D20648006801E04FF4005083B2E0
:10BED000074A012108480068FDF7ADFA0020CEE7C7
:10BEE000900000207C00002088000020F800002046
:10BEF0009C670020BC870020940000202DE9F041C1
:10BF000005460C4638480078002864D13748007B45
:10BF100000F08000802809D03449487B2022052188
:10BF200000F05CF94FF0FF30BDE8F0813048006868
:10BF300081682846884738B13A220221284600F015
:10BF40004DF94FF0FF30EFE7A0780006E17840EAC6
:10BF50000140217940EA012061790843C117254A4F
:10BF600003C2207AE17940EA0120234908600846AB
:10BF7000008882B21F4801682846FFF713FE002898
:10BF800002DA4FF0FF30CFE7022017490870194856
:10BF9000D0E90032194800680021A3FB006702FBCA
:10BFA000007003FB01001349C1E9006012480068FA
:10BFB000124909684843104908600C4880680968BC
:10BFC000884208D00949487B2022052100F006F963
:10BFD0004FF0FF30A8E74FF4005009490880284689
:10BFE000FFF7BEFEA0E70000600100209C87002054
:10BFF000F800002088000020900000207C00002035
:10C000005E01002070B504460D461F4800681F4AB7
:10C010001F4943682046984738B13A2202212046FA
:10C0200000F0DCF84FF0FF3070BD19480068401E8A
:10C03000000E1849087016480068401E000C487031
:10C0400013480088401E000A887011480078401E7E
:10C05000C8700E480068000E08710C480068000C9B
:10C0600048710A480088000A887108480078C87139
:10C07000082009490880054802680548016807A0AA
:10C0800003F03AF90020CFE7F80000207C00002000
:10C09000800000209C6700205E01002043617061E9
:10C0A000636974793A20626C6F636B733D256C75BC
:10C0B0002C2073697A653D256C750A007CB50546B0
:10C0C0000E46002404E000201B490855601C84B281
:10C0D0000C2CF8DB1948006801AA69464368284619
:10C0E000984738B13A220221284600F077F84FF0FD
:10C0F000FF307CBD08201049C8700098401E000E1B
:10C1000008710098401E000C48710098401E000AFB
:10C1100088710098401EC871022008720198000CB6
:10C1200048720198000A88720198C8720C2004496C
:10C1300008800020DDE700009C670020F800002058
:10C140005E01002010B50346002204E000201E4CD2
:10C15000A054501CC2B2122AF8DB70201A4C207076
:10C160000C20E07119480078194C2478A04221D0A5
:10C170001848164C247810F83400134CA070154859
:10C18000124C247800EBC40040790F4C2073114806
:10C190000E4C247800EBC40000790B4C60730B4804
:10C1A0000078401C094C207020460078042801D1FA
:10C1B000002020701220084C20800879122801DC11
:10C1C00008792080002010BD9C67002078000020A6
:10C1D000790000203C6700205E01002030B50C4B48
:10C1E0000C4C247803F834101302094C094D2D78B7
:10C1F00004EBC5046360074B1B785B1C054C237084
:10C2000023461B78042B01D10023237030BD00008E
:10C210003C6700207900002002460020014B188076
:10C22000704700005E01002070B504460D460F48BF
:10C23000806840B10D49487B20220521FFF7CEFFE1
:10C240004FF0FF3070BD0A4800688168204688477B
:10C2500038B13A2202212046FFF7C0FF4FF0FF30ED
:10C26000F0E700200349088000BFEBE79C8700202F
:10C27000F80000205E01002070B505460C4660788D
:10C2800000F00200022807D1242205212846FFF7EA
:10C29000A5FF4FF0FF3070BD0848008882B2084803
:10C2A00001682846FFF77EFC002802DA4FF0FF30D5
:10C2B000F1E700200349088000BFECE79000002070
:10C2C000880000205E0100202DE9F04105460C4663
:10C2D0004748007800286ED14648007B00F0800077
:10C2E000802809D14349487B20220521FFF776FFAA
:10C2F0004FF0FF30BDE8F0813F4800688168284674
:10C30000884738B13A2202212846FFF767FF4FF0ED
:10C31000FF30EFE738480068C1682846884738B1E1
:10C32000272202212846FFF759FF4FF0FF30E1E7AF
:10C33000A0780006E17840EA0140217940EA012036
:10C3400061790843C1172D4A03C2207AE17940EA96
:10C3500001202B4908600846008882B227480168FE
:10C360002846FFF71FFC002802DA4FF0FF30C1E734
:10C3700022480CC8234800680021A2FB006703FB89
:10C38000007002FB01001D49C1E900601C48006803
:10C390001C49096848431A490860164880680968BA
:10C3A000884209D01349487B20220521FFF716FF58
:10C3B0004FF0FF309EE714E001200D49087010484F
:10C3C0000068B0F5005F02D20D48006801E04FF44C
:10C3D000005083B20C4A01210C480068FDF72BF88D
:10C3E00003E02846FFF71EFD84E7002082E70000F7
:10C3F000600100209C870020F800002088000020B9
:10C40000900000207C0000209C6700209400002009
:10C41000F8B504460D46164614B14FF0FF30F8BD8E
:10C42000002000906A46012104F03BF810B14FF063
:10C43000FF30F4E74FF4805030600098286000200F
:10C44000EDE700207047000010B504462CB105A0B0
:10C4500002F052FF4FF0FF3010BD02F0DAFD002075
:10C46000FAE70000555342204445564943452049C8
:10C470004E4954204552524F52000000014609B91E
:10C48000002070474FF0FF30FBE701460020704767
:10C490002DE9F04104460D4616461F461CB14FF0EB
:10C4A000FF30BDE8F0813B4632462946002004F0CB
:10C4B00016F808B90020F4E74FF0FF30F1E72DE956
:10C4C000F04104460D4616461F461CB14FF0FF30A2
:10C4D000BDE8F0813B4632462946002004F048F88A
:10C4E00008B90020F4E74FF0FF30F1E7704710B5CE
:10C4F00000F002F810BD00000CB500200190009083
:10C500003F48006840F480303D49086000BF3C4827
:10C51000006800F4003000900198401C01900098E1
:10C5200018B90198B0F5A06FF1D13548006800F452
:10C53000003010B10120009001E000200090009830
:10C5400001285CD12F48006840F010002D49086098
:10C550000846006820F0030008600846006840F0C4
:10C56000020008602648406825494860084640683F
:10C5700048600846406840F4806048600846C06AE9
:10C58000214908401E49C8620846C06A1F4908433D
:10C590001B49C8620846006840F08060086000BF20
:10C5A0001748006800F000600028F9D0144840687F
:10C5B00020F47C10124948600846406840F4E810B6
:10C5C00048600846006840F08070086000BF0C4872
:10C5D000006800F000700028F9D00948406820F099
:10C5E0000300074948600846406840F00200486080
:10C5F00000BF0348406800F00C000828F9D10CBDCA
:10C60000001002400020024000F0FEFF1807010069
:10C610003EB505460C4620788DF8000060788DF810
:10C620000100A0788DF80200E0788DF803002079F1
:10C630008DF8040060798DF80500A0798DF806006A
:10C640008DF80750FF208DF80800D2208DF80900E2
:10C650006B460A2207216420FDF7DCFF3EBD000087
:10C6600070B500240020444908700B20434908702D
:10C6700008214348FFF772F905E01420FDF70EFB8F
:10C6800004F1140084B23D480078401E3A4909780C
:10C69000884202DDB4F5FA7FEFDB38480078801E6F
:10C6A00081B23848FEF702FB3749088035480078E8
:10C6B000602851D13348407803284DD13148407A21
:10C6C0003049897A40EA01202F490988884243D1BC
:10C6D0002A4801782D48FAF7F8FD0A20FDF7F6FA06
:10C6E0004E202B4908702548027826492748FAF73A
:10C6F000D3FD0A20FDF7EAFA24490979234AD278C2
:10C7000041EA022108B2FAF7A5FF05462149FAF7E6
:10C71000BCFE214988601D4989791C4A527901EB88
:10C720000220FAF797FF05461A49FAF7AEFE1A49B2
:10C73000C1F80D001549097A144AD27901EB02209B
:10C74000FAF788FF1449C1F812000C480178491C17
:10C750000C48FAF7BAFD02E042200D4908700C4877
:10C7600001780D4801730A4801780B484174084864
:10C7700001780948817570BD250000202600002041
:10C780002C000020010F002044000020B11F0020D9
:10C790004600002000002041CC0E002070B500248F
:10C7A0000020474908700B20464908700821464878
:10C7B000FFF7D4F805E01420FDF770FA04F1140037
:10C7C00084B240480078401E3D490978884202DD25
:10C7D000B4F5FA7FEFDB3B480078801E81B23B481E
:10C7E000FEF764FA3A49088038480078612855D144
:10C7F00036484078032851D13448407A3349897A01
:10C8000040EA012032490988884247D12D48017801
:10C810003048FAF75AFD0A20FDF758FA4E202E4903
:10C8200008702C49294802680A6042684A600289F7
:10C830000A81807A88720A20FDF748FA2549097929
:10C84000244AD27841EA022108B2FAF703FF0546EA
:10C850002249FAF71AFE2249C1F817001D498979C1
:10C860001C4A527901EB0220FAF7F4FE05461B49F7
:10C87000FAF70BFE1A49C8611649097A154AD279A6
:10C8800001EB0220FAF7E6FE1549C1F821000D4838
:10C890000178491C0D48FAF718FD02E042200E49C4
:10C8A00008700D4801780E48C1760B4801780C4895
:10C8B00080F8201008480178094880F8251070BDDC
:10C8C000250000202600002034000020010F002059
:10C8D00044000020BC1F0020470000200000204131
:10C8E000CC0E002070B500240020484908700B20B1
:10C8F0004749087008214748FFF730F805E0142041
:10C90000FDF7CCF904F1140084B241480078401ED0
:10C910003E490978884202DDB4F5FA7FEFDB3C48F6
:10C920000078801E81B23C48FEF7C0F93B49088080
:10C9300039480078622855D137484078032851D1CA
:10C940003548407A3449897A40EA012033490988D8
:10C95000884247D12E4801783148FAF7B6FC0A20C0
:10C96000FDF7B4F94E202F4908702D492A48026876
:10C970000A6042684A6002890A81807A88720A20C5
:10C98000FDF7A4F926490979254AD27841EA02211E
:10C9900008B2FAF75FFE05462349FAF776FD234908
:10C9A000C1F826001E4989791D4A527901EB0220FF
:10C9B000FAF750FE05461C49FAF767FD1B49C1F816
:10C9C0002B001749097A164AD27901EB0220FAF7AF
:10C9D00041FE164908630E480178491C0E48FAF7D3
:10C9E00074FC02E042200F4908700E4801780F489D
:10C9F00080F82A100B4801780C4880F82F1009485D
:10CA000001780A4880F8341070BD0000250000202D
:10CA1000260000203C000020010F002044000020E0
:10CA2000C71F00204800002000002041CC0E00203D
:10CA30007FB504460D460F480F490A6802608A8890
:10CA40008280897981714FF480600C4B2A4621469F
:10CA500000900848FDF7B0FB0848FAF75DFC064671
:10CA6000324607A101A802F071FC044901A8FBF7B6
:10CA7000B1FF7FBDCC0E002055000020CC0400206B
:10CA80002564000010B51AA002F036FC002406E070
:10CA90001A48015D1AA002F02FFC601CC4B20B2CD6
:10CAA000F6DB19A002F028FC18A002F025FC0024F7
:10CAB00006E01948015D12A002F01EFC601CC4B221
:10CAC0000B2CF6DB10A002F017FC14A002F014FCF3
:10CAD000002406E01448015D09A002F00DFC601C72
:10CAE000C4B20B2CF6DB08A002F006FC10BD00005F
:10CAF000536F696C5F3130636D3A0000B11F0020E5
:10CB000030782530325820000D0A0000536F696CD0
:10CB10005F3230636D3A0000BC1F0020536F696CB8
:10CB20005F3330636D3A0000C71F0020704700007C
:10CB300010B51648006840F0010014490860084626
:10CB40004068134908401149486008460068114987
:10CB500008400E4908600846006820F480200860FC
:10CB60000846406820F4FE0048600846006820F04F
:10CB7000A05008604FF47F0088600020C862FFF773
:10CB8000B6FC05480549086010BD000000100240D1
:10CB90000000FFF0FFFFF6FE0070000808ED00E067
:10CBA00010B50121880700F04BF801282DD1174856
:10CBB000FEF706FF15484079052190FBF1F201FBD5
:10CBC000120058B91148807940B900201049087006
:10CBD0000E48407910B900200E4908700B49887939
:10CBE00000EBD0714910A0EB410129B94FF48051FD
:10CBF0000948FDF784FA04E04FF480510648FDF738
:10CC00007CFA0121880700F00CF810BD55000020C7
:10CC10004C0000204D000020000C0140CA4302825D
:10CC20007047CA430282704721B1028842F0010274
:10CC3000028004E002884FF6FE731A4002807047BB
:10CC400030B50246002000230024158A05EA0103BE
:10CC5000958905EA010413B10CB1012000E0002020
:10CC600030BD1AB183890B43838102E083898B43F2
:10CC70008381704701894FF6F87211400181704736
:10CC8000002202881D4B98420ED01D4B98420BD0BB
:10CC9000B0F1804F08D01B4B984205D01A4B9842F8
:10CCA00002D01A4B984204D14FF68F731A404B882A
:10CCB0001A43174B984207D0164B984204D04FF6B0
:10CCC000FF431A40CB881A4302808B8883850B88E8
:10CCD00003850A4B98420BD0094B984208D00E4B63
:10CCE000984205D00D4B984202D00D4B984201D18D
:10CCF0000B7A03860123838270470000002C0140D9
:10CD0000003401400004004000080040000C0040D6
:10CD10000010004000140040004001400044014069
:10CD2000004801401FB501210846FEF799FC4FF06D
:10CD30008040FFF79FFF0020ADF80A00ADF8060025
:10CD400042F20F70ADF8080041F61F40ADF8040044
:10CD500000208DF80C0001A94FF08040FFF790FFF4
:10CD600001218807FFF75AFF012211469007FFF7BC
:10CD700078FF1C208DF8000001208DF803000220B0
:10CD80008DF8010001208DF802006846FEF7FAF8E0
:10CD900001218807FFF748FF1FBD000070B540F272
:10CDA0002551104800F09DF9012810D10D4800F0E0
:10CDB00053FAC5B20B4800F04FFAC4B2204603F054
:10CDC000EFFB40F22551074800F015F900BF08219C
:10CDD000044800F079F9012803D10821014800F046
:10CDE00001F970BD0038014010B50821614800F01C
:10CDF0006BF930B15F4800F02FFA08215D4800F070
:10CE0000F1F802215B4800F05FF930B1594800F0B9
:10CE100023FA0221574800F0E5F840F22441554832
:10CE200000F05FF950B1534800F016FA40F2244187
:10CE3000504800F0E0F801204F49087040F22551B9
:10CE40004C4800F04EF9002879D040F2255149486D
:10CE500000F0D1F8474800F0FFF9C4B24748D0F8D5
:10CE60000411D0F80401401C444AC2F804011046E1
:10CE7000445443480078062875D2DFE800F00309DF
:10CE8000121F3F64412C02D101203D4908706DE022
:10CE9000542C03D102203A49087001E005F0BEF994
:10CEA00064E02B2C07D10320354908700020354958
:10CEB00081F8900001E005F0B1F957E03A2C0BD170
:10CEC00004202F49087000202E4981F8910091F824
:10CED00090102C4A505410E02A4890F890000F28E7
:10CEE00009DA284991F89000411C264A82F89010EE
:10CEF00011460C5401E005F091F937E00D2C0ED1EC
:10CF000005201F4908700D221E4991F89100411C0F
:10CF10001C4B83F8911003F110010A5412E01948D8
:10CF200090F891007E280BDA164991F89100411C87
:10CF3000144A82F8911002F110010C5402E017E03B
:10CF400005F06CF912E00A2C0AD10A210D4890F87C
:10CF500091201030815401200749087002E002E05E
:10CF600005F05CF902E005F059F900BF00BF00BF11
:10CF700010BD00000044004028000020C402002032
:10CF8000270000201F1F002010B540F22551114836
:10CF900000F09AF801281BD10E4800F05DF9C4B2E8
:10CFA0000D480E49097844540C480078401C0B4940
:10CFB0000870084600780A490978884202DB002098
:10CFC0000649087040F22551024800F00BF800BFF6
:10CFD00010BD000000480040010F00202500002087
:10CFE0002600002001F40072B2F5007F00D100BFDE
:10CFF000CA430280704710B50022002340F66A142D
:10D00000A14200D100BF0A1201249440A3B2DC4324
:10D01000048010BD21B1828942F40052828104E073
:10D0200082894DF6FF731A408281704710B504461D
:10D030002048844209D101218803FEF741FB0021E9
:10D040004FF48040FEF73CFB32E01B48844209D19C
:10D0500001214804FEF714FB00214FF40030FEF7D5
:10D060000FFB25E01548844209D101218804FEF711
:10D0700007FB00214FF48020FEF702FB18E0104868
:10D08000844209D10121C804FEF7FAFA00214FF4C5
:10D090000020FEF7F5FA0BE00A48844208D101218E
:10D0A0000805FEF7EDFA00214FF48010FEF7E8FACC
:10D0B00010BD00000038014000440040004800401E
:10D0C000004C00400050004002460020B1F5007FB7
:10D0D00000D100BF13880B400BB1012000E00020FD
:10D0E000704770B50246002400230025002040F65A
:10D0F0006A16B14200D100BFC1F3421501F01F030F
:10D10000012606FA03F3012D02D19689334006E089
:10D11000022D02D1168A334001E0968A33400C1268
:10D12000012606FA04F41688344013B10CB101202C
:10D1300000E0002070BDF0B5034600240026002565
:10D14000002040F66A17B94200D100BF1846C1F36B
:10D15000421401F01F06012707FA06F5012C01D140
:10D160000C3004E0022C01D1103000E014301AB170
:10D1700007682F43076002E00768AF430760F0BD10
:10D180002DE9F04786B005460E460024A24600BFB2
:10D19000A1460027B08900B100BF2F462C8A4CF66B
:10D1A000FF700440F08804432C82AC894EF6F310E3
:10D1B0000440B08831890843718908430443AC8135
:10D1C000AC8A4FF6FF400440B0890443AC8201A80A
:10D1D000FEF786FA1F48874202D1DDF810A001E071
:10D1E000DDF80CA0A88900F4004040B10AEBCA00A9
:10D1F00000EB0A1031684900B0FBF1F807E00AEBD8
:10D20000CA0000EB0A1031688900B0FBF1F8642015
:10D21000B8FBF0F004012009642101FB1089A88902
:10D2200000F4004040B1322000EBC900B0FBF1F047
:10D2300000F00700044308E0322000EB09106421ED
:10D24000B0FBF1F000F00F0004432C8106B0BDE804
:10D25000F08700000038014001468888C0F30800CC
:10D260007047C1F308028280704770B504460D46CE
:10D27000D4F8E4052946426820469047002070BD56
:10D2800070B504460D464FF48970005D022802D047
:10D29000032812D100E000BF688801280CD10021CA
:10D2A0004FF48C700151D4F8E40529468268204679
:10D2B0009047204600F05EF804E02946204600F042
:10D2C00021F800BF00BF70BD2DE9F04106460C46B5
:10D2D000154600272B46224600213046FCF7ABF8C6
:10D2E0003846BDE8F0812DE9F04106460C4615466A
:10D2F00000272B46224600213046FCF7F7F8384637
:10D30000BDE8F08170B504460D4680212046FCF74B
:10D31000C9F800212046FCF7C5F8204601F06FFA55
:10D3200070BD70B504460025052140F2111001556D
:10D3300000231A4619462046FCF77DF8204601F0E6
:10D340005EFA284670BD2DE9F04104460E461546AA
:10D350000027C4F83C51C4F83851022140F21110A2
:10D3600001552B46324600212046FCF7BFF83846CF
:10D37000BDE8F08170B504460025042140F211108B
:10D38000015500231A4619462046FCF7AFF82046FF
:10D3900001F035FA284670BD70B505460E46002EE0
:10D3A00051D105F58E7440F21110405D02283DD137
:10D3B000A168E069884211D9A168E069401AE0617A
:10D3C000E878012803D1D4E902100844E060A08B7A
:10D3D00082B22846E168FFF786FF27E0A168206A4D
:10D3E000B0FBF1F201FB120078B9A168206A884213
:10D3F0000BD3D4E90801884207D2002211462846FF
:10D40000FFF771FF0020606210E0D5F8E405C06806
:10D4100048B14FF48970405D032804D1D5F8E40584
:10D42000C168284688472846FFF77BFF4FF48B707A
:10D43000405D012816D1284600F04CFB00214FF436
:10D440008B7041550EE0D5F8E405406950B14FF4BA
:10D450008970405D032805D1D5F8E405314642695D
:10D4600028469047002070BD70B505460E46A6BB05
:10D4700005F55D7440F21110405D03283DD1A168AF
:10D48000E069884217D9A168E069401AE061E8784C
:10D49000012803D1D4E902100844E060A368E069E0
:10D4A000984201D2E06900E0A06882B22846E168B3
:10D4B000FFF70AFF21E0D5F8E405006948B14FF411
:10D4C0008970405D032804D1D5F8E4050169284638
:10D4D00088472846FFF74EFF0FE0FFE7D5F8E40541
:10D4E000806950B14FF48970405D032805D1D5F8AB
:10D4F000E4053146826928469047002070BD014608
:10D500000020704770B504460D46E888012804D015
:10D5100029462046FFF7F6FE1AE04FF48970005DB9
:10D52000022802D003280DD105E001220949204636
:10D53000FFF709FF0BE0012204F588712046FFF791
:10D5400002FF04E029462046FFF7DCFE00BF00BFD3
:10D5500070BD000054010020F8B504460E467088E6
:10D56000001208286CD2DFE800F06B0416226B6B07
:10D570006166A078D4F8EC150A68694690470546BC
:10D58000F088402804D04FF48970005D012801D153
:10D590000820009059E0A078D4F8E4158A6A69461A
:10D5A0009047054602216970C4F8F0554DE0B07807
:10D5B000062834D2DFE800F0030B131B232BA078DE
:10D5C000D4F8EC154A686946904705462CE0A078E7
:10D5D000D4F8EC158A6869469047054624E0A0789F
:10D5E000D4F8EC15CA686946904705461CE0A07857
:10D5F000D4F8EC150A6969469047054614E0A0780E
:10D60000D4F8EC154A696946904705460CE0A078C5
:10D61000D4F8EC158A6969469047054604E031461E
:10D620002046FFF76FFEF8BD00BF0EE031462046F2
:10D63000FFF768FEF7E731462046FFF763FEF2E7A3
:10D6400031462046FFF75EFEEDE700BFBDF8000063
:10D6500088B1F08878B1F088BDF80010884202DD0A
:10D66000BDF8000000E0F0880090BDF800202946D9
:10D670002046FFF768FE00BFD5E70146002002E024
:10D68000421CD0B2491C0A78002AF9D170470246E0
:10D6900001EB810302F55D7000EBC300008B80B2EB
:10D6A0007047000070B504460D464FF48970005D68
:10D6B000022802D0032813D100E000BF01200C494A
:10D6C00008604FF48C70005920B10846006840F0A3
:10D6D00002000860022206492046FFF734FE04E0FB
:10D6E00029462046FFF70EFE00BF00BF70BD0000B8
:10D6F000580100202DE9F04104460D46174600264A
:10D70000FCB12046FFF7B9FF022101EB4000388051
:10D710003A783046711CCEB22A5403223046711C2E
:10D72000CEB22A540AE014F8012B3046711CCEB256
:10D730002A5400223046711CCEB22A542078002888
:10D74000F1D1BDE8F0812DE9F04104460F461546C0
:10D750001E46DDF81880204600F068FD2046FFF7E1
:10D76000CEFEC4F8E465C4F8E885C4F8EC55394643
:10D770002046FCF7AFF9D4F8E81508688047204642
:10D7800000F042FDBDE8F08110B50446D4F8E40590
:10D79000016A20468847002010BD10B50446D4F821
:10D7A000E405416A20468847002010BD70B5044654
:10D7B0000D4629462046FDF7A9F9002070BD70B539
:10D7C00004460D4629462046FDF7C8F9002070BDE5
:10D7D00070B504460D4681212046FBF79DFD0121D1
:10D7E0002046FBF799FD2046FDF7DAF9002070BDD1
:10D7F0000246202008800148704700009001002068
:10D8000070B504460D4629462046FFF7E1FF022386
:10D81000402281212046FBF7DAFD0223402201212C
:10D820002046FBF7D4FD2046FDF7C0F9002070BD6F
:10D8300070B505460C46207800F06000002849D0FD
:10D8400020287BD16078FE2802D0FF283AD125E03D
:10D850006088E0B9E088012819D1207800F08000C4
:10D86000802814D13749096888698047364908708B
:10D8700008460078002804DD01222846FFF763FDF2
:10D880000BE021462846FFF73DFD022070BD2146F2
:10D890002846FFF737FD0220F8E719E0608850B905
:10D8A000E08840B9207800F08000802803D0284626
:10D8B000FDF7A0F905E021462846FFF723FD0220E9
:10D8C000E4E705E021462846FFF71CFD0220DDE7DE
:10D8D00000BF34E0607801280ED00A2802D00B285F
:10D8E00029D105E0012219492846FFF72CFD22E045
:10D8F000A078164908701EE021792846FBF755FDEF
:10D9000021792846FBF708FD207900F08000802867
:10D9100006D12179022340222846FBF758FD05E075
:10D920002179022340222846FBF751FD2179284620
:10D93000FDF7CEF800BF00BF01E0FFE700BF00BF6A
:10D940000020A3E7F8000020B0010020B101002072
:10D950007CB505464AF6AA203749086000242846C7
:10D9600001F042FA002865D0284601F048FA0190FB
:10D97000019808B900207CBD0198C0F3C04018B1DF
:10D980002846FBF7AFFE04430198C0F3804018B16E
:10D990002846FBF705FE04430198C0F3400050B150
:10D9A00000200090009820F00200801C0090009859
:10D9B000E968486100BF0198C00F18B12846FBF71D
:10D9C00011FF04430198C0F3C02018B12846FBF7AB
:10D9D000ABFF04430198C0F3C00018B12846FBF721
:10D9E0008DFF04430198C0F3001018B12846FBF7DF
:10D9F0002DFF04430198C0F3003018B12846FBF70F
:10DA0000E7FF04430198C0F3403018B12846FBF704
:10DA100094FD04430198C0F3005018B12846FCF768
:10DA2000A7F804430198C0F3405018B12846FCF70A
:10DA3000B5F8044320469EE70030004090F8CC251E
:10DA40000A7090F8CD254A7090F8CE3590F8CF2521
:10DA500003EB02224A8090F8D03590F8D12503EBF1
:10DA600002228A8090F8D23590F8D32503EB022267
:10DA7000CA80CB884FF4A0721350012340F21112D8
:10DA80001354704710B5044600234022194620461F
:10DA9000FBF79DFC0023402280212046FBF797FCEA
:10DAA00001214FF489700155A078D4F8E825516818
:10DAB0008847002010BD10B50446D4F8E815086961
:10DAC000804740F21310015D401E015503210155AE
:10DAD000002010BD0146034802680869426000202A
:10DAE000704700001C01002010B50446D4F8E4057E
:10DAF000C06920B1D4F8E405C169204688470020F8
:10DB000010BD70B504460D46A88818BBE88808BB50
:10DB1000A87800F07F064FF48970005D032804D1D7
:10DB200029462046FFF7EEFB18E04FF48A700655B1
:10DB300031462046FBF7A8FC2046FFF71BFC26B128
:10DB400002214FF48970015508E001214FF48970DA
:10DB5000015503E029462046FFF7D4FB70BD70B5A0
:10DB600004460D46D4F8E40529460268204690474D
:10DB7000D4F8E81588688047002070BD70B5044669
:10DB80000D46A8783049087008460078012804DD61
:10DB900029462046FFF7B6FB55E04FF48970005D3B
:10DBA000022802D0032848D117E02748007880B126
:10DBB0002548007884F8100103214FF4897001553D
:10DBC000214801782046FFF7CAFF2046FFF7D2FB25
:10DBD00002E02046FFF7CEFB34E01B48007880B916
:10DBE00002214FF4897001551748007884F810011C
:10DBF000154801782046FFF738FB2046FFF7BAFBAF
:10DC00001AE094F8100110490978884211D094F86C
:10DC100010112046FFF729FB0B48007884F810010B
:10DC2000094801782046FFF79AFF2046FFF7A2FB3C
:10DC300002E02046FFF79EFB04E029462046FFF75E
:10DC400061FB00BF00BF70BD5C010020F8B5044659
:10DC50000D460026688801280DD101214FF48C70F3
:10DC60000151D4F8E40529468268204690472046B1
:10DC7000FFF780FB39E06888022836D12879A0BBFD
:10DC8000206940680090A8880612062E22D2DFE89C
:10DC900006F02103090F151B009820F070001030CA
:10DCA000009017E0009820F070002030009011E004
:10DCB000009820F07000303000900BE0009820F0C9
:10DCC00070004030009005E0009820F07000503067
:10DCD000009000BF00BF05480099016001214FF48A
:10DCE0008B7001552046FFF745FBF8BD1C01002055
:10DCF0001CB5044669462046FFF7A0FE9DF80000CB
:10DD000000F01F0020B1012807D002280FD109E040
:10DD10006946204600F016F811E06946204600F0FA
:10DD2000F9F80CE06946204600F046F807E09DF857
:10DD3000000000F080012046FBF7B4FB00BF00BFED
:10DD400000201CBD70B505460C46002660780A28E8
:10DD500029D2DFE800F01923281E280A0528140F0D
:10DD600021462846FFF7F8FB22E021462846FFF728
:10DD7000C8FE1DE021462846FFF700FF18E02146B7
:10DD80002846FFF7BFFB13E021462846FFF78AFC31
:10DD90000EE021462846FFF759FF09E021462846B4
:10DDA000FFF76EFA04E021462846FFF7ABFA00BF02
:10DDB00000BF304670BD00002DE9F04105460E461B
:10DDC000002734797078002857D001282BD00328F9
:10DDD00075D14FF48970405D022802D003281BD111
:10DDE00007E02CB1802C03D021462846FBF75AFBD4
:10DDF00017E0708830B92CB1802C03D0214628461A
:10DE0000FBF750FBD5F8E405314682682846904779
:10DE10002846FFF7AFFA04E031462846FFF772FACA
:10DE200000BF00BF70E04FF48970405D022802D04F
:10DE300003281BD107E02CB1802C03D021462846B3
:10DE4000FBF730FB17E0708878B95CB1802C09D003
:10DE500021462846FBF785FAD5F8E4053146826865
:10DE6000284690472846FFF785FA04E031462846C1
:10DE7000FFF748FA00BF00BF46E04FF48970405DED
:10DE8000022802D0032837D107E02CB1802C03D020
:10DE900021462846FBF706FB33E004F0800080288B
:10DEA00012D104F07F0000EB800105F58E7000EBCD
:10DEB000C100807820B101201549086016E022E0F9
:10DEC00000201349086011E004F0800070B904EBF1
:10DED000840105F55D7000EBC100807818B1012068
:10DEE0000B49086002E00020094908600222084945
:10DEF0002846FFF728FA04E031462846FFF702FAE1
:10DF000000BF00BF00E000BF00BF3846BDE8F081A1
:10DF10005001002070B504460D4600264FF489706C
:10DF2000005D032814D1287901280CDCD4F8E4051D
:10DF30002946826820469047E88840B93EB9204685
:10DF4000FFF718FA03E029462046FFF7DBF904E063
:10DF500029462046FFF7D6F900BF00BF304670BD06
:10DF600010B504464FF48970015D401C0155042131
:10DF7000401E0155D4F8E815C8688047002010BD40
:10DF800070B505460C462DB92246064906A0FFF796
:10DF9000B1FB04E02246034903A0FFF7ABFB0148B5
:10DFA00070BD00005C6700204D534320436F6E66D8
:10DFB0006967000010B502A001F09EF910BD0000D5
:10DFC0004D534320496E74657266616365207374B6
:10DFD00061727465642E0D0A0000000010B5012006
:10DFE0000249087002A001F087F910BDFC00002072
:10DFF0005553422044657669636520436F6E6E65B4
:10E00000637465642E0D0A000246122008800148E0
:10E0100070470000B400002010B5002002490870CD
:10E0200002A001F069F910BDFC0000205553422008
:10E0300044657669636520446973636F6E6E6563DA
:10E040007465642E0D0A000010B5044614B1012C4D
:10E0500008D103E006A001F04FF907E00DA001F0A0
:10E060004BF903E014A001F047F900BF00BF10BD59
:10E0700055534220446576696365204C696272613C
:10E0800072792076312E312E3020205B48535D0D81
:10E090000A00000055534220446576696365204CB0
:10E0A0006962726172792076312E312E3020205BC8
:10E0B00046535D0D0A0000005553422044657669C1
:10E0C0006365204C6962726172792076312E312E3F
:10E0D0003020205B3F3F5D0D0A00000010B502A01C
:10E0E00001F00AF910BD00004465766963652052AD
:10E0F0006573756D65640D0A000000007047704718
:10E1000070B505460C462DB92246064906A0FFF714
:10E11000F1FA04E02246034903A0FFF7EBFA0148B5
:10E1200070BD00005C6700204D534320496E74654C
:10E1300072666163650000000246042008800148A1
:10E1400070470000D000002070B505460C462246FE
:10E15000024903A0FFF7CEFA004870BD5C670020BB
:10E160005052454348494E0070B505460C462DB9FE
:10E170002246064906A0FFF7BDFA04E022460349FD
:10E1800009A0FFF7B7FA014870BD00005C670020E6
:10E190004D6173732053746F7261676520696E20DF
:10E1A0004853204D6F6465005052454348494E2006
:10E1B0005553422043617264205265616465720068
:10E1C00070B505460C462DB92246064906A0FFF754
:10E1D00091FA04E02246034907A0FFF78BFA0148B1
:10E1E00070BD00005C67002030303030303030309F
:10E1F00030303141000000003030303030303030CD
:10E20000303031420000000038B5044643208DF81C
:10E21000000000208DF8010003208DF8020001208D
:10E220008DF803006846FCF7ADFE38BD38B50446EE
:10E2300001210420FDF734FA01210803FDF700FA5B
:10E240004FF4C050ADF8000003208DF802001820F4
:10E250008DF8030069460248FBF772FE38BD0000E6
:10E260000008014010B504462046FBF717FD10BD1D
:10E2700010B504462046FBF729FD10BD3EB5044607
:10E2800000250020029001900090207A01283DD1C5
:10E29000E068806B0190019820F480300190607AF2
:10E2A00028B1019820F4801000F5801001900198A9
:10E2B000E168886300200290E068C06802900298DC
:10E2C00020F040000290029820F480000290029812
:10E2D00020F400300290029820F40020029002986E
:10E2E000E168C860204600F061F9E078012843D178
:10E2F000009820F01E000A300090009820F02000C6
:10E30000203000900098E168886035E0E068C068DF
:10E310000290029820F04000403002900298E1689C
:10E32000C860204600F042F900200190019820F4D6
:10E33000803000F580300190019820F4802000F5B5
:10E3400080200190019820F4002000F50020019029
:10E35000019820F4001000F500100190607A28B1B7
:10E36000019820F4801000F5801001900198E16878
:10E3700088631420FFF776FFE07801280FD1E0686A
:10E3800080680090009820F01E000A3000900098ED
:10E3900020F02000203000900098E1688860284636
:10E3A0003EBD70B588B00446002600200790069058
:10E3B0000590049003900021D4F80C0101602069BD
:10E3C00000680690069820F4C050069006992069CF
:10E3D0000160E07A01283DD10321204600F0F8FCDD
:10E3E0008020E1684862059880B200F580000590C1
:10E3F00005986FF30F00803005900598E1688862FA
:10E40000059800EB1041049861F30F000490049804
:10E4100080B200F5000004900498E168C1F804019E
:10E42000049800EB104161F30F000490049880B24F
:10E4300004900499E068C0F80811049800EB1041BA
:10E4400061F30F000490049880B204900499E0688E
:10E45000C0F80C111021204600F070FC204600F09E
:10E4600047FC00212069016120694161491E206942
:10E47000816100212069C16100252CE004F11800B0
:10E4800050F82500006807900798C00F70B1002071
:10E490000790079820F0804000F18040079007988F
:10E4A00020F0006000F10060079001E0002007907C
:10E4B00004F1180050F8250007990160002104F1CB
:10E4C000180050F825000161FF2104F1180050F8F0
:10E4D000250081606D1C6078A842CFD800252CE013
:10E4E00004F1540050F82500006801900198C00F15
:10E4F00070B100200190019820F0804000F1804030
:10E500000190019820F0006000F10060019001E0AE
:10E510000020019004F1540050F825000199016099
:10E52000002104F1540050F825000161FF2104F19D
:10E53000540050F8250081606D1C6078A842CFD847
:10E5400000200390039820F4807000F58070039001
:10E550002069006903998843084321690861E078CC
:10E5600001281DD100200290029820F00100401CDB
:10E570000290029820F00200801C02904021029834
:10E5800061F38A000290029820F4803000F5803018
:10E590000290029861F35940029002992069016348
:10E5A000204600F047FB304608B070BDF8B5044681
:10E5B000002600250020009000BF0320FFF758FE32
:10E5C000E06800690090681C05461349884201D93B
:10E5D0000020F8BD0098C00F0028EED0002500985C
:10E5E00020F00100401C00900098E168086100BF25
:10E5F000E06800690090681C05460749884200D918
:10E6000004E0009800F001000028F1D100BF0320D1
:10E61000FFF72EFE3046DCE7400D030008B501464B
:10E62000002000220092009A22F00102521C009267
:10E63000CA689268009B9A43CB689A6008BD0EB581
:10E6400001460020002200920A69926802928A69BB
:10E6500012680192029AC2F3410232B1012A05D036
:10E66000022A09D0032A0DD101E000BF00BF019AA0
:10E670006FF30A02019205E0019A6FF30A02D21CBD
:10E68000019200BF00BF019B8A691360009A22F4C7
:10E69000807202F5807200920A695268009B9A4368
:10E6A0001A430B695A600EBDFEB5024600200024D5
:10E6B0000025029500954D78012D52D193691D6872
:10E6C00002951D6900954D6955B9009D25F07F059E
:10E6D0000095009D25F4C01505F50025009516E070
:10E6E0008E684D69B54207D98D684D610E7A009DDF
:10E6F00066F30605009504E00E7D009D66F30605B1
:10E700000095009D25F4C01505F500250095009D98
:10E710001D61D578012D06D10F7802F1180555F845
:10E7200027500E696E61029D25F0806505F18065B8
:10E730000295029D25F0004505F100450295029DD8
:10E740001D60D578002D59D14D69002D56D00E7819
:10E750000125B5402C4315696D6B2543166975631A
:10E760004CE00E7802F1540555F826502D680295BC
:10E770000E7802F1540555F826502D6900954D6923
:10E780005DB90E7A009D66F306050095009D25F49F
:10E79000C01505F5002500950CE08D684D610E7AD9
:10E7A000009D66F306050095009D25F4C01505F54E
:10E7B000002500950F7802F1540555F82750009E6A
:10E7C0002E61D578012D06D10F7802F1540555F848
:10E7D00027500E696E61029D25F0806505F1806508
:10E7E0000295029D25F0004505F1004502950F7840
:10E7F00002F1540555F82750029E2E60FEBD0EB55D
:10E8000000210191019921F04041A1F18041019144
:10E81000019921F4C01101F500210191019921F024
:10E820007F0118310191019A416D0A61C178012976
:10E8300015D10021009100F2CC51426D5161416D22
:10E8400009680091009921F0004101F10041009117
:10E850004FF080210091009A416D0A6000BF0EBD0B
:10E860003CB5024600200024019400944C78012C11
:10E870000CD10D7802F1180454F825300D780124DC
:10E88000AC40009D64F30F0500950BE00D7802F19C
:10E89000540454F825300D780124AC40009D64F3F5
:10E8A0001F4500951C680194019CC4F3C034E4B971
:10E8B0000D89019C65F30A040194CD78019C65F3F0
:10E8C000934401948D79019C65F399540194019CC2
:10E8D00024F0805404F180540194019C24F40044F9
:10E8E00004F500440194019C1C601469E469009DD6
:10E8F0002C431569EC613CBD38B50346002000246B
:10E9000000944C78012C05D10D7803F1180454F8CB
:10E91000252004E00D7803F1540454F825201468F0
:10E920000094009C24F400140094CC78032C02D0B2
:10E93000CC78022C05D1009C24F0805404F1805442
:10E940000094009C146038BD3CB5024600200024B1
:10E95000019400944C78012C0CD10D7802F118042C
:10E9600054F825300D780124AC40009D64F30F0568
:10E9700000950BE00D7802F1540454F825300D7821
:10E980000124AC40009D64F31F450095019C24F4D4
:10E9900000440194019C1C601469E469009DAC432F
:10E9A0001569EC613CBD38B503460A4600200024D9
:10E9B00000945478012C18D1157803F1180454F8F8
:10E9C00025100C680094009CE40F2CB1009C24F0EE
:10E9D000804404F180440094009C24F4001404F565
:10E9E00000140094009C0C600EE0157803F15404B0
:10E9F00054F825100C680094009C24F4001404F5CD
:10EA000000140094009C0C6038BDFEB505460C4611
:10EA100000260027002002900190607801287ED116
:10EA2000217805F1180050F8210000680290217843
:10EA300005F1180050F8210000690190606948B99B
:10EA400001986FF3120001900121019861F3DC40FD
:10EA5000019017E06169019861F31200019060690B
:10EA6000401EA1680844B0FBF1F1019861F3DC405D
:10EA70000190E078012805D1019820F0C04000F114
:10EA800000500190227805F1180050F822000199F9
:10EA90000161E878012807D1227805F1180050F8C3
:10EAA0002200216941610DE0E07801280AD0606907
:10EAB00040B12178012000FA01F72869406B384302
:10EAC00029694863E078012813D12869806800909B
:10EAD0000098C0F3002030B9029820F0005000F1F7
:10EAE0000050029005E0029820F0805000F1805024
:10EAF0000290029820F0806000F1806002900298FD
:10EB000020F0004000F100400290227805F118004A
:10EB100050F8220002990160E078012800E008E046
:10EB20006CD1A08A83B222782846E16800F02DFAE1
:10EB300064E0217805F1540050F82100006802904B
:10EB4000217805F1540050F82100006901906069B6
:10EB500050B9A168019861F3120001900121019858
:10EB600061F3DC40019013E0A068401E6169084435
:10EB7000A168B0FBF1F1019861F3DC4001900198CC
:10EB8000C0F3C940A1684843019960F312010191A3
:10EB9000227805F1540050F8220001990161E878CB
:10EBA000012806D1227805F1540050F8220021698D
:10EBB0004161E07801280ED1607930B1029820F0EF
:10EBC000005000F10050029005E0029820F08050C3
:10EBD00000F180500290029820F0806000F1806087
:10EBE0000290029820F0004000F10040029022784C
:10EBF00005F1540050F82200029901603046FEBD34
:10EC000008B500210091491EC26851606FF0804133
:10EC1000C2685161009921F0004101F10041009169
:10EC2000009921F4006101F5006100910099C2682A
:10EC3000916108BD38B50446002500200090E168C8
:10EC400088616FF08040E16848612046FFF7D8FF97
:10EC5000E07820B9009820F0100010300090009863
:10EC600020F4006000F500600090009820F48050CF
:10EC700000F580500090009820F4005000F50050FE
:10EC80000090009820F4802000F5802000900098EB
:10EC900020F4002000F500200090009820F00800EB
:10ECA00008300090009820F4801000F5801000904B
:10ECB000009820F4001000F500100090E0688069D2
:10ECC000009988430843E1688861284638BD08B543
:10ECD0000146002000220092009A22F00102521CFC
:10ECE0000092CA689268009B1A43CB689A6008BD7C
:10ECF000F8B504460025002600200090009820F07A
:10ED00001000103000900098E168086100BFE068D2
:10ED100000690090701C06460749884200D904E04B
:10ED20000098C0F300100028F1D100BF0320FFF7C6
:10ED30009FFA2846F8BD0000400D0300F8B50446D0
:10ED40000D460026002700200090009820F02000AB
:10ED500020300090009865F38A1000900098E168D8
:10ED6000086100BFE06800690090781C0746074909
:10ED7000884200D904E00098C0F340100028F1D187
:10ED800000BF0320FFF774FA3046F8BD400D0300C2
:10ED900008B5014600200A6992680092009AC2F301
:10EDA000410232B1012A06D0022A07D0032A07D134
:10EDB00002E0032004E000BF022001E0012000BFC8
:10EDC00000BF08BD0146C868406900F001007047F7
:10EDD00008B5026912680092009A61F3010200927C
:10EDE000009B0269136008BD00B502461046FFF79C
:10EDF000E9FF012801D0012000BD0020FCE7014609
:10EE00000020CA685069CA6892691040704701467C
:10EE1000086982690869C069024090B2704701467A
:10EE2000086982690869C0690240100C704702468F
:10EE300002F1540353F82130986813695B69184054
:10EE40007047F0B503460024D01CC71700EB977736
:10EE5000BD10D3F8D06000BF03E030680860641CC8
:10EE6000091DAC42F9D30846F0BD000070B502465A
:10EE70000C46002300200025D57001259570402503
:10EE80009580012C0CD14FF0A0430125D5720825A7
:10EE90001570042555709D15D580022515720AE060
:10EEA0004CB9254B0025D5720C25157006255570DB
:10EEB0004FF4A065D580D36003F50065156100218E
:10EEC00010E003F5106505EB411602F1180545F851
:10EED000216003F5306505EB411602F1540545F854
:10EEE0002160491C55788D42EBD803F5806555614A
:10EEF0004035C2F8CC50002108E003F5A06505EBD1
:10EF0000411602F1900545F82160491C15788D42A3
:10EF1000F3D8002108E003F5805505EB013602F136
:10EF2000D00545F82160491C15788D42F3D803F5CA
:10EF30006065C2F80C5170BD00000440F8B504468D
:10EF40000D460026E068C0680090009820F0005050
:10EF50000090009820F080400090012D06D100988C
:10EF600020F0005000F10050009006E02DB900980C
:10EF700020F0804000F1804000900098E168C86077
:10EF80003220FFF76FF93046F8BD2DE9F041044615
:10EF90000026E078B0B900270020DD1C4FEAE578B4
:10EFA00005EB98784FEAA80704F1D00555F822C080
:10EFB00000BF04E00D68CCF80050401C091DB842A9
:10EFC000F8D300BF3046BDE8F08100000BE000BF81
:10EFD0000749098801F040010029F9D00178044A65
:10EFE000121D1180401C01780029F0D170470000EB
:10EFF0000038014000BFFEE710B500F0FDF8FBF758
:10F0000061FFC720FBF768FFFBF761FF00F07EF8A8
:10F0100010BD10B5FBF712FF10BD2DE9F0410446FD
:10F020000E46174600F0E8F8FBF74CFF0220FBF70E
:10F0300053FFC4F30740FBF74FFFC4F30720FBF770
:10F040004BFFE0B2FBF748FF002504E0705DFBF7E3
:10F0500043FF681C85B2BD42F8DBFBF738FF00F0C8
:10F0600055F8BDE8F0812DE9F04104460E461746FB
:10F07000FBF728FF0320FBF72FFFC4F30740FBF744
:10F080002BFFC4F30720FBF727FFE0B2FBF724FFB9
:10F09000002504E0FF20FBF71FFF70556D1CBD42EB
:10F0A000F8D3FBF714FFBDE8F08170B50446FBF719
:10F0B00009FF9F20FBF710FFFF20FBF70DFF2070DB
:10F0C000FF20FBF709FF0546FF20FBF705FF06467B
:10F0D000FBF7FDFE46EA052070BD10B5044600F0C2
:10F0E0008BF8FBF7EFFE2020FBF7F6FEC4F307409A
:10F0F000FBF7F2FEC4F30720FBF7EEFEE0B2FBF7EE
:10F10000EBFEFBF7E4FE00F001F810BD10B5FBF7D5
:10F11000D9FE0520FBF7E0FE074C02E0641E04B9AF
:10F1200006E0FF20FBF7D8FE00F001000028F5D133
:10F1300000BFFBF7CCFE10BDA08601002DE9F05FFB
:10F1400082460F461646DFF8AC904FEA1738C7F3F1
:10F150000B0BCBF58054A64200DC344645E04FEA69
:10F1600008304FF480524946FFF77DFF002508E044
:10F170000BEB050019F80000FF2800D003E0681C25
:10F1800085B2A542F4DB00BFA54217DA4FEA08308A
:10F19000FFF7A3FF002507E01AF8050005EB0B01B8
:10F1A00009F80100681C85B2A542F5DB4FEA083179
:10F1B0004FF48052484600F028F804E022463946D1
:10F1C000504600F022F8A64200D10FE008F10108F5
:10F1D0004FF0000BA2442744301B86B2B6F5805F87
:10F1E00002DD4FF4805400E03446B8E700BFBDE8CC
:10F1F000F09F00001F0F002010B5FBF763FE0620F4
:10F20000FBF76AFEFBF763FE10BD2DE9F0410746F0
:10F210000E461446F0B2C0F58075AC4200DC2546BF
:10F2200012E02A4639463046FFF7F7FEAC4200D1DD
:10F230000BE02F442E44601B84B2B4F5807F02DDC6
:10F240004FF4807500E02546EBE700BFBDE8F08194
:10F2500010B5FBF76FF908B9002010BD6420FBF76B
:10F260003BF9FBF7ADF918B9FBF78CF90020F4E78F
:10F270000F20FBF731F9FBF7A3F90020FBF72CF97E
:10F28000FBF79EF90020FBF727F9FBF799F9FBF74D
:10F2900079F90120E1E710B5FBF74CF908B9002036
:10F2A00010BD6420FBF718F9FBF78AF918B9FBF7D2
:10F2B00069F90020F4E71020FBF70EF9FBF780F95D
:10F2C0008020FBF709F9FBF77BF9FBF75BF9FBF70C
:10F2D00031F96420FBF700F9FBF772F90F20FBF717
:10F2E000FBF8FBF76DF98420FBF7F6F8FBF768F9FC
:10F2F000FBF748F90120D3E70FB4054B10B503A97C
:10F30000044A029800F020F910BC5DF814FB0000DC
:10F31000ED170108B40100200FB47CB50C0009AD55
:10F3200001D0611E00E00021CDE90001064B6A46D4
:10F330002946089800F008F9002C02D0009A002114
:10F3400011707CBC5DF814FB4FFC00080FB4084B37
:10F3500010B504A902AA039800F0F6F8044602A921
:10F36000002000F07FFC204610BC5DF814FB00007C
:10F3700065FC000800487047B8010020014800689B
:10F3800070470000B801002002E008C8121F08C141
:10F39000002AFAD170477047002001E001C1121F16
:10F3A000002AFBD170470000014908607047000047
:10F3B000B80100202DE9FF5F82B00021DDE90430B3
:10F3C000020DDDF840B0034318D044F61050A2F20D
:10F3D000FF3242431514119801281FD0A5EB0B00F2
:10F3E000401C5FEA000A4FF000064E4FDFF83891EC
:10F3F000B046504615D5CAF1000413E01198012417
:10F400004AA3012801D16FEA0B010298119AC0E9C1
:10F410000031C0E9024206B0BDE8F09FCBF1000028
:10F42000DFE704460021404A491842EB0450CDE989
:10F43000001012E0E00707D032463B4640464946FE
:10F44000F8F720FB8046894632463B46104619466F
:10F45000F8F718FB06460F466410002CEAD1DDE9E8
:10F460000401DDE90023BAF1000F06DAF8F70AFB20
:10F4700042464B46F8F706FB05E0F8F775FB4246B7
:10F480004B46F8F771FB04460E460022284BF8F76E
:10F4900003F903D84FF0FF30014607E00022254B67
:10F4A00020463146F8F72FF8F8F7CDFB102409E095
:10F4B000002C0ADB0A220023F7F768FE039B303298
:10F4C0001A55641E50EA0102F2D1641C039AC4F179
:10F4D00011031444119A012A03D0012208430DD1CB
:10F4E0000AE0084304D000204FF0110B119072E79E
:10F4F000A3EB0B056D1E0DE05B4504DD4FF0000234
:10F5000005F1010504E003DA4FF00002A5F1010561
:10F51000002AECD002981199C0E90231C0E90045F7
:10F5200079E70000000014400000F03F30000000C8
:10F530000000F0430000E03F30380A2801D20120EB
:10F5400070470020704700002DE9FF4F95B09A46A4
:10F55000884606460025EEE1252877D10024274677
:10F56000F94A0121039400E0044316F8013F203BCF
:10F5700001FA03F01042F7D130782A2811D06FF049
:10F580002F033078A0F13002092A16D8039A44F0EC
:10F59000020402EB820203EB42021044761C039049
:10F5A000EFE758F8042B0392002A03DA504244F4A0
:10F5B0000054039044F00204761C30782E2816D1B3
:10F5C00016F8010F44F004042A280DD06FF02F0222
:10F5D0003078A0F13003092B09D807EB870302EB41
:10F5E0004303C718761CF3E758F8047B761C307881
:10F5F0006C280FD006DC4C2817D068280DD06A285C
:10F6000014D104E0742810D07A280FD10DE044F40E
:10F6100000140AE044F4801401E044F440147278C9
:10F62000824202D104F58014761C761C307866285C
:10F630000BD013DC582877D009DC002875D045287A
:10F64000F6D04628F4D047281AD193E118E0632871
:10F6500035D0642879D0652812D18BE1702873D019
:10F6600008DC6728F1D069286FD06E280DD06F288C
:10F6700006D1ACE073282CD0752874D0782853D0EC
:10F680005246179990476D1C54E1C4F3025002286A
:10F6900009D003280DD0D8F8001004280DD00D6033
:10F6A00008F1040846E1D8F80010EA17C1E9005251
:10F6B000F6E7D8F800100D80F2E70D70F0E718F8C3
:10F6C000041B8DF8001000208DF80100EB4601208E
:10F6D00003E058F804BB4FF0FF3061074FF0000122
:10F6E00002D40DE009F101018946B9420FDA8145E2
:10F6F000F8DB1BF809100029F4D108E009F1010139
:10F7000089468142FADB1BF809100029F6D10398DB
:10F710005346A0EB090721463846179A00F080FAB5
:10F72000284400EB090507E044E008E10DE01BF880
:10F73000010B524617999047B9F10109F7D2534688
:10F7400021463846179AF2E039E00A21C4F3025202
:10F750004FF0000B0091022A06D058F8040BC11795
:10F76000032A09D00AE023E008F1070020F007028D
:10F77000F2E80201904605E000B2C117042A01D167
:10F7800040B2C117002906DA0A460021404261EB67
:10F7900002012D2202E0220504D52B228DF804203F
:10F7A000012203E0E20701D02022F7E7914657E06B
:10F7B0000A2100E010214FF0000B00910BE0102116
:10F7C0004FF0000B44F004040827009103E00820E8
:10F7D0004FF0000B0090C4F30252022A05D058F8F3
:10F7E000040B0021032A08D008E008F1070020F0EC
:10F7F0000702F2E80201904603E080B2042A00D139
:10F80000C0B24FF0000922072AD53278702A07D0FB
:10F81000DDF800C08CF0100C5CEA0B0C05D00EE09B
:10F8200040228DF80420012208E050EA010306D0AE
:10F8300030238DF804308DF8052002229146009B7C
:10F8400083F0080353EA0B030AD150EA010201D105
:10F85000620705D530228DF804204FF001097F1E84
:10F860003278582A04D039A20C920CAA02920BE0EA
:10F870003BA2F9E75B46009AF7F788FC0C9B9B5C80
:10F88000029A521E0292137050EA0102F2D10298BB
:10F8900004A9081A00F1200B600702D524F4803473
:10F8A00000E001275F4502DDA7EB0B0000E0002030
:10F8B00000EB0B01009003984944401A0390E003C9
:10F8C00006D453462146179A039800F0A9F9054437
:10F8D000002706E001A85246C05D179990476D1CAD
:10F8E0007F1C4F45F6DBE0030CD553462146179AA3
:10F8F000039800F095F9054404E03020524617992A
:10F9000090476D1C0099481E00900029F5DC08E026
:10F910000298029952460078491C02911799904723
:10F920006D1CBBF10001ABF1010BF1DC5BE100F000
:10F9300065F90544761C307800287FF40DAE19B0C7
:10F940002846BDE8F08F000009280100303132332D
:10F95000343536373839616263646566000000000B
:10F9600030313233343536373839414243444546F5
:10F9700000000000600700D4062708F1070020F00F
:10F980000700F0E80223804603F0004C5FEA0C0019
:10F9900001D097A009E0200501D596A005E0E00779
:10F9A00001D095A001E0AFF24C001390307823F025
:10F9B000004365280CD006DC452809D046281DD018
:10F9C00047287FD13BE0662818D067287AD136E0F7
:10F9D0000021112F01DB112000E0781CCDE900018E
:10F9E00004A90CA8FFF7E6FCDDE90D010C9A4FF025
:10F9F000000B07F10109109200914EE04FF000401A
:10FA00000097CDE9011004A90CA8FFF7D3FCDDE9AC
:10FA10000D020C9B0F994FF0000B91461093009232
:10FA200011B9791C00EB0109B7EB090003D4C0F14F
:10FA3000FF3B07F10109A9EB0700019042E0012F0C
:10FA400000DA01270021112F01DD112000E03846E6
:10FA5000CDE9000104A90CA8FFF7ACFCDDE90D011C
:10FA60000C9A00914FF0000BB946109221070FD469
:10FA7000009A4A4503DA914601E0A9F10109B9F17A
:10FA8000010F05DD109AA9F10101515C3029F4D074
:10FA9000B84202DA10F1040F03DA0121CDE90110B6
:10FAA00010E0002803DC8344A9EB000102E0411CC4
:10FAB000494500DD8946A0EB0B00401C01904FF04A
:10FAC00000400290200705D40198484502DB4FF022
:10FAD000FF30019000208DF84B0002980DF14B078C
:10FAE000B0F1004F25D002200C902B200D900298F1
:10FAF00000280CDA404202902D200D9007E00A21E8
:10FB00000298F7F711FE3031029007F8011D0C99A9
:10FB1000481E0C900029F2DC02980028EFD1791ED3
:10FB20000D980870307800F0200040F0450007F88C
:10FB3000020D11A8C01BC01D02901398007800B1DF
:10FB4000012000EB0901019801EBE07102980144EA
:10FB50000398401A401E0390E00306D45346214602
:10FB6000179A039800F05CF805441398007818B1D0
:10FB70005246179990476D1CE00323D55346214602
:10FB8000179A039800F04CF805441BE0BBF1000FF6
:10FB900007DB0098584504DD1098179910F80B0002
:10FBA00001E0179930205246904701980BF1010B64
:10FBB000401E05F10105019004D12E2052461799EF
:10FBC00090476D1CB9F10001A9F10109DEDC05E0E7
:10FBD00017F8010B5246179990476D1C0299481E61
:10FBE00002900029F4DC53462146179A03989EE6BA
:10FBF0002D0000002B000000200000002DE9F04146
:10FC0000044600251E461746880404D405E03946FC
:10FC10002020B0476D1C641EF9D52846BDE8F08150
:10FC20002DE9F041044600251E469046C80301D543
:10FC3000302700E02027880404D505E041463846F7
:10FC4000B0476D1C641EF9D52846BDE8F0814A68AE
:10FC5000002A06D00A68531C0B6010704868401ECA
:10FC6000486070470A68531C0B601070704730B5CD
:10FC700083B00446FFF782FB05460020CDE9000073
:10FC8000024621466846F7F7FEFD2846FFF78CFB43
:10FC9000DDE9000103B030BD2DE9F041044688469E
:10FCA00000202071401E20624146204602F086F965
:10FCB00010B10420BDE8F08104F2322001F0AAFE68
:10FCC000074694F83450EB2D03D0E92D01D0E82DF0
:10FCD00043D14AF65520874208D1082223A104F1D6
:10FCE0008600F7F72EFB08B90020E3E704F13F0098
:10FCF00001F090FE06464120055D701E304060BB5D
:10FD0000B6F5007F29DBB6F5805F26DC2DB3681ED3
:10FD1000284010BB04F1420001F07CFEE8B1442011
:10FD2000005D401E012818D804F1450001F072FE64
:10FD300098B104F1470001F06DFE802806DA04F165
:10FD4000540001F06DFEB0F5803F06D304F14A0087
:10FD500001F060FE08B10020ACE74AF6552087426A
:10FD600001D10220A6E70320A4E700004641543356
:10FD700032202020000000000246891E9069801E6B
:10FD8000884201D8002070475389106B03FB0100A3
:10FD9000F9E72DE9F04782468846DAF80040B8F1E5
:10FDA000000F06D1276917B1A069B84215D80127FD
:10FDB00013E04146504601F04DFD0546022D02D2AA
:10FDC0000120BDE8F087681C08B92846F9E7A0695A
:10FDD000A84201D92846F4E74746606908B90020DF
:10FDE000EFE70026474518D17E1CA069B04200D835
:10FDF00002263146504601F02DFD0546012D01D069
:10FE0000681C08B92846DCE73DB12569022D03D3FB
:10FE1000A069A84200D92F460026E6B93E4600BF99
:10FE2000761CA069B04204D80226BE4201D9002047
:10FE3000C7E73146504601F00DFD054605B909E01A
:10FE4000012D01D0681C08B92846BAE7BE42E7D1A7
:10FE50000020B6E700BF4FF0FF323146204602F0E7
:10FE6000C7F88146B9F1000F08D1B8F1000F05D0ED
:10FE700032464146204602F0BBF88146B9F1000FF8
:10FE80000FD126616069A0B1D4E90510801E8142BE
:10FE90000FD86069401E6061607940F001006071B8
:10FEA00007E0B9F1010F02D14FF0FF3000E001206F
:10FEB0000646304685E700002DE9F35F8946D9F80C
:10FEC0000080009800F1200520220B212846F7F73A
:10FED000F5F90020074606464FF0080B00BF3046F4
:10FEE000761C18F80040202C00DC4AE02F2C01D0B2
:10FEF0005C2C0AD100E0761C18F806002F28FAD0F6
:10FF000018F806005C28F6D03BE02E2C01D05F45A7
:10FF10000BD3BBF10B0F01D02E2C02D00620BDE875
:10FF2000FC9F08274FF00B0BD9E7204600F0F8F8AC
:10FF3000A8B13046761C18F800A0504600F00AF927
:10FF400018B1ABF10100B84201D80620E7E7384606
:10FF50007F1C2C5438467F1C05F800A010E0214679
:10FF600014A0F7F7CFF908B10620D8E7612C04DB1D
:10FF70007A2C02DCA4F12000C4B238467F1C2C5439
:10FF8000ADE700BF08EB0600C9F800000FB9062076
:10FF9000C5E72878E52801D105202870202C03DD4D
:10FFA00018F80600202801DC042000E00020E87298
:10FFB0000020B4E72A2B2C3A3B3C3D3E5B5D7C2283
:10FFC0003F7F00002DE9FF4F85B09A4603AA01212B
:10FFD000059800F066FA18B1012009B0BDE8F08F6D
:10FFE000DDF80C904FF03F08082701E07806070E77
:10FFF00037B1B9FBF7F0B0FBF8F0B0F5806FF5D88A
:020000040801F1
:1000000007B9FF274FF480515046F7F75EF90AF51C
:10001000DF764FF0000B444669E0069850F82B500D
:10002000642D07D801D1484603E06420B9FBF0F005
:10003000684305466019484501D8601901D3A9EB0A
:10004000040505B959E0214606F1080002F022F93D
:10005000294606F10C0002F01DF907983071B4FB37
:10006000F8F0B0FBF7F00490B4FBF8F0B0FBF7F158
:1000700007FB1100C0B20290B4FBF8F008FB10407F
:10008000401CC0B2019002987070C021049801EA2F
:10009000900001990843B0700498F0706019401EF8
:1000A000B0FBF8F0B0FBF7F004906019401EB0FB15
:1000B000F8F0B0FBF7F107FB1100C0B20290601935
:1000C000401EB0FBF8F108FB1100401CC0B20190CB
:1000D00002987071C021049801EA900001990843C8
:1000E000B0710498F07110360BF1010B2C44BBF188
:1000F000040F02D20CB14C458FD300BF4AF65521F4
:100100000AF5FF7002F0C0F801230022514605985D
:1001100000F02EFA08B101205FE700205DE7000043
:1001200001460B48007888420FDC09484078884235
:1001300001DB0120704706488078884205DC0448CE
:10014000C078884201DB0120F4E70020F2E70000DC
:10015000D8250108014610480079884219DC0E486C
:100160004079884201DB012070470B488079884242
:1001700005DC0948C079884201DB0120F4E7064824
:10018000007A884205DC0448407A884201DB01207D
:10019000EAE70020E8E70000D82501082DE9F04152
:1001A00004460E46D4F800800021204600F019F9DC
:1001B0000546EDB9002700BF4046A16901F0FEFEEB
:1001C000054605B113E0E0690078E52802D0E06952
:1001D000007820B9781C0746B04201D107E000271B
:1001E0000121204600F06FF80546002DE4D000BF45
:1001F000042D00D107252846BDE8F0812DE9F04700
:1002000004468946204602F0ABF810B10120BDE853
:10021000F08749462046FFF7AFFD064626624FF4B9
:10022000805104F13400F7F750F804F13408012745
:10023000002500E03D446089A84207D97219607822
:100240003B46414600F094F90028F3D06089A8426B
:1002500001D00120DBE70020D9E72DE9F041044679
:1002600027680021204600F0BCF8054615B1284655
:10027000BDE8F08100BF3846A16901F09FFE054648
:1002800005B11DE0E06906780EB9042518E0E069C3
:10029000C07A00F03F00A071E069C07A00F0080069
:1002A00038B90B2204F12001E069F7F74AF800B9E8
:1002B00006E00021204600F006F80546002DDAD0C1
:1002C00000BF2846D4E72DE9F04104468846266859
:1002D000206900F12007B7F5001F01D30020A061BD
:1002E000A06910B90420BDE8F081B089B7FBF0F136
:1002F00000FB1170002847D1A069401CA061606913
:1003000038B93089B0EB571F3ED80020A0610420D7
:10031000E9E7B089B7FBF0F07189491E084098BB46
:100320002046616901F096FA0546012D01D80220A8
:10033000D9E7681C08B90120D5E7B069A8421DD8E3
:10034000B8F1000F03D10020A0610420CBE72046C4
:100350006169FFF71EFD05460DB90720C3E7012DB2
:1003600001D10220BFE7681C08B90120BBE729467C
:100370003046FFF743FF08B10120B4E76561294625
:100380003046FFF7F9FCA0612761B089B7FBF0F1B7
:1003900000FB117106F134000844E0610020A2E77F
:1003A00070B50446266801212046FFF7F7FE054692
:1003B000ADB93046A16901F001FE05467DB92021A5
:1003C000E069F6F782FFE069216A0160616A4160D5
:1003D000218D018194F82A10817201203071284604
:1003E00070BD2DE9F04104460E462568B6F5001FA4
:1003F00002D206F01F0010B10220BDE8F081266194
:10040000A7681FB92878032800DBEF6A47B9288955
:10041000B0EB561F01D80220EFE7E86AA0611DE0AB
:100420006889A98900FB01F811E03946204601F0EE
:1004300011FA0746781C08B90120DEE7022F02D323
:10044000A869B84201D80220D7E7A6EB08064645BE
:10045000EBD239462846FFF78FFCA0616761A0699F
:1004600008B90220C9E7A889B6FBF0F0A1690844E1
:10047000A061A889B6FBF0F100FB116105F1340021
:100480000844E0610020B8E710B504463CB972B6F4
:10049000FEF7BFFD62B6002000F036F810BD012067
:1004A000FCE710B50346C3B989B1012904D002297C
:1004B00009D003290DD103E04FF48050106008E00B
:1004C0000120106005E04FF48050106001E000242E
:1004D00000BF00BF0024204610BD0420FCE72DE92A
:1004E000F0410446884615461E4654B972B632039A
:1004F00028034146FEF7B7FD62B600273846BDE83F
:10050000F0810420FBE7000070B50446114D124E47
:1005100005B136B93246294610A0FEF7EDFE00BF00
:10052000FEE7A4B972B60B48FEF7BFFD0A49088082
:1005300062B608480078EF2807D10748008844F2DF
:100540001801884201D1002070BD0220FCE7012083
:10055000FAE7000064000020660000204944207093
:100560007472206E756C6C2025702025700A000056
:100570002DE9F04105460E4617461C4675B972B680
:100580004FF6FF7000EA043239033046FEF7D6FD1D
:1005900062B64FF000084046BDE8F0810420FBE75A
:1005A0000A49D1F80411FF2904D90021074AC2F8E9
:1005B00004110AE00549D1F80421D1F80411491CBD
:1005C000024BC3F80411194688547047BC0100203F
:1005D00038B50546284600F0D7FE04463CB96946C2
:1005E000284601F093FF04460CB9002028602046FD
:1005F00038BD38B504466946204601F087FF0546F8
:100600000DB900202060284638BD2DE9F74F86B08F
:1006100089469246002205A906A801F055FB8046AE
:10062000B8F1000F6FD10598CAF800000598D0E91D
:100630000510801E814204D805984069C9F8000061
:1006400061E000250598007801281BD10226059855
:10065000019000BF314601A801F0FCF80746781C64
:1006600010B94FF001080CE0012F02D14FF0020841
:1006700007E007B96D1C701C064605998969884218
:10068000E8D333E0059886690598D0F828B00024AF
:1006900000BF54B959460BF1010B059801F08EFCCF
:1006A0008046B8F1000F00D01FE0059800780228BE
:1006B00008D105993431081901F0ACF900B96D1C65
:1006C000A41C09E005993431081901F0A9F920F0BA
:1006D000704000B96D1C241D05988089B4FBF0F1B1
:1006E00000FB1144701E061ED3D100BFB8F1000FED
:1006F00009D1C9F80050059845610598407940F046
:10070000010005994871404609B0BDE8F08F2DE918
:10071000F84F04460E466946204601F0F7FE824631
:10072000BAF1000F01D194F811A0BAF1000F02D074
:100730005046BDE8F88FE068B04204D2207C00F05B
:10074000020000B9E668D4F814904FF00008C4F82D
:100750001480002E72D0009840890099898900FB8E
:1007600001F7B9F1000F11D0701EB0FBF7F1A9F13C
:100770000100B0FBF7F0814208D3A9F10100791E16
:10078000884360616069361AA56912E0A5687DB981
:1007900000212046FFF7FDFA0546012D02D1022077
:1007A0006074C6E7681C10B901206074C1E7A560D9
:1007B000A561002D42D024E0F61B606938446061D9
:1007C000207C00F0020040B100BF29462046FFF720
:1007D000E0FA054635B9002615E02946204601F025
:1007E00039F80546681C10B901206074A1E7012D95
:1007F00003D900988069A84202D80220607498E763
:10080000A561BE42D8D800BF6069304460610098DD
:100810008089B6FBF0F100FB116078B129460098A1
:10082000FFF7AAFA8046B8F1000F02D102206074E7
:100830007FE700988089B6FBF0F08044E16860694A
:10084000884205D96069E060207C40F04000207457
:10085000606900998989B0FBF1F201FB120020B3B5
:10086000E069404521D0207C00F0800078B1E26949
:1008700000994878012304F12801FFF779FE10B1AF
:100880000120607455E7207C00F07F0020740099FF
:1008900048780123424604F12801FFF720FE10B1F9
:1008A0000120607445E7C4F81C80504641E7F1B56B
:1008B00090B002220FA910A801F006FA0446002CFD
:1008C0007BD10F98049004A8109900F03BFF0446D8
:1008D00044B99DF83B0000F0A00008B1062000E0FC
:1008E00008200446042C6ED10F9800900021684621
:1008F000FFF74FFA0546002405B90724012D00D162
:100900000224681C00B9012401F03DF80746BCBB75
:1009100029460F98FFF772FC04468CBB20220B215E
:100920000F983430F6F7CAFC2E200F9981F8340066
:1009300010210F9880F83F1039460F984A3001F087
:10094000A9FC2A460F9934310F9801F0AFFC202200
:100950000F9934310F985430F6F79EFC2E210F98E2
:1009600080F85510069E32460F9954310F9801F0C9
:100970009DFC01200F99087104A8FFF711FD0446A2
:10098000E4B90B9901F10E00394601F083FC0B9993
:1009900001F11600394601F07DFC2A460B990F98AB
:1009A00001F084FC10200B99C87201200F99087186
:1009B0001CB90F9801F08CFC044604E00022294683
:1009C000684601F0DDFB204611B0F0BD2DE9FF4F78
:1009D00099B00E4619A800F0F4FF03900398002880
:1009E00003DA0B201DB0BDE8F08FFE49039851F8E3
:1009F000200028B10021FB4A039852F82000017022
:100A00000398C0B21690002015901698FFF73CFD91
:100A10000290029800F0010008B10320E2E702987A
:100A200000F0040008B10A20DCE706B9EE4E706859
:100A30001290129820B912AA03211698FFF731FDDF
:100A4000129840B11298B0F5004F04D81298401E89
:100A50001299084008B10120129014AA0221169898
:100A6000FFF71FFD08B10120BCE7BDF85000B0F54D
:100A7000805F0BDCBDF85000B0F5007F06DBBDF8F1
:100A80005000401EBDF85010084008B10120A9E7F1
:100A9000307800F00F0018907078012804DB70782F
:100AA000022801DC707800E001200590B16889B16E
:100AB000B168B1F5004F0DD8BDF85000C11700EB7B
:100AC000D1614911B268B2FBF1F301FB132109B9FD
:100AD000B16801E04FF400710491F068B0F1807FDB
:100AE00005D8F068411E084008B9F06800E0002011
:100AF0000690BDF850100698B0FBF1F00690BDF8D6
:100B000050101C98B0FBF1F01390139808B9112005
:100B100068E71B9C0CB9112064E74FF0000ACDF880
:100B20003CA000BF0FAA01211698FFF7BAFC08B13C
:100B3000012057E7189800F0080040B90F983F28A7
:100B400005D94FF03F0A0F98A0EB0A000F900F98BD
:100B5000802801D20E2045E700BF00BF06988028FC
:100B600001D980200690189800F0020028B118984A
:100B700000F0010008B9032707E0189800F0010011
:100B800008B913202EE7022700BF00BF00F0FBFECC
:100B90000F990844109000BF069D032F2DD195B9E1
:100BA0000F984FEA50494FF0000B012502E00BF17E
:100BB000010B6D008D4830F81B0020B18B4830F8D8
:100BC0001B004845F3D90F98B0FBF5F8082000EB5F
:100BD0008800BDF850100844401EB0FBF1F00890AA
:100BE00020200990002007904FF6F570804502D92B
:100BF0007F48804539D90E20F4E695B90F984FEA21
:100C000010394FF0000B012502E00BF1010B6D00D4
:100C1000784830F81B0020B1764830F81B00484572
:100C2000F3D90F98B0FBF5F840F6F570804503D97D
:100C3000042000EB480906E0012708EB4800401CAF
:100C4000032101EB5009BDF850004844401EBDF897
:100C50005010B0FBF1F00890012009900498400179
:100C6000BDF85010B0FBF1F00790099850440E9079
:100C7000059A08990E9801FB0201079808440D9007
:100C800012990D980844401E491E20EA01010D9852
:100C9000A1EB0009032F06D10998484409900E984A
:100CA00048440E9013E00598B9FBF0F100FB119059
:100CB00038B1A9F101090998401C09900E98401C0F
:100CC0000E900598B9FBF0F10898084408900D982B
:100CD00000EB0510A0EB0A000F99884201D90E2005
:100CE00080E60F9909980A1A0599089800FB1121C6
:100CF0000798081AB0FBF5F8032F0BD14FF6F570E3
:100D0000804507D8069818B96808069000B135E004
:100D10000E2067E6022F28D14FF6F570804517D9CF
:100D2000069830B94020B0EB450F02D3680006901A
:100D300024E0189800F0020008B103271EE006988E
:100D400020B968000690802800D817E00E2049E6F8
:100D500040F6F570804508D8069820B968000690DE
:100D6000802800D80AE00E203CE6012F05D140F68D
:100D7000F570804501D90E2034E600E00CE700BF95
:100D8000BDF850102046F6F7A0FA1BA001682160BC
:100D90004168616001892181807AA072BDF850109C
:100DA00004F10B0001F070FA6573099881B204F147
:100DB0000E0001F069FA05982074032F01D100207C
:100DC00000E0049881B204F1110001F05DFA0F987F
:100DD000B0F5803F16D20F9881B204F1130001F0F4
:100DE00053FA14E07000002000260108F0250108E5
:100DF000F5FFFF0FE2250108EBFE904D53444F53E2
:100E0000352E300004F120000F9901F043FAF8204C
:100E100060753F2104F1180001F036FAFF2104F15A
:100E20001A0001F031FA514604F11C0001F032FAC7
:100E3000032F25D104F14300109901F02BFA04F19E
:100E40002400089901F026FA022104F12C0001F097
:100E500021FA012104F1300001F016FA062104F113
:100E6000320001F011FA802084F84000292084F833
:100E70004200132283A104F14700F6F70DFA16E0B1
:100E800004F12700109901F005FA089881B204F1E5
:100E9000160001F0F9F9802084F82400292084F854
:100EA000260013227CA104F12B00F6F7F5F94AF68F
:100EB000552104F5FF7001F0E7F901235246214660
:100EC0001698FFF755FB08B101208BE5032F33D1AE
:100ED00001230AF1060221461698FFF749FBBDF8E7
:100EE00050102046F6F7F1F97049204601F0D2F98A
:100EF0006F4904F5F27001F0CDF9A8F1010104F594
:100F0000F47001F0C7F9022104F5F67001F0C2F99E
:100F10004AF6552104F5FF7001F0B6F901230AF1F4
:100F2000070221461698FFF723FB01230AF101026D
:100F300021461698FFF71CFBBDF85020139800FBC4
:100F400002F12046F6F7C1F90E980C904FF0000B15
:100F500040E0032F0FD16FF00701204601F09AF90E
:100F6000391F201D01F096F96FF0704104F108005F
:100F700001F090F909E0012F01D14E4801E06FF036
:100F800007000146204601F085F90898119000BF3E
:100F900013991198884201D9139800E0119881465D
:100FA0004B4621460C9A1698FFF7E2FA08B1012049
:100FB00018E5BDF850102046F6F787F90C9848441C
:100FC0000C901198A0EB0900119011980028DFD126
:100FD0000BF1010B05988345BBD3032F01D12846A4
:100FE00000E00798119000BF13991198884201D929
:100FF000139800E0119881464B4621460C9A1698AA
:10100000FFF7B6FA08B10120ECE40C9848440C90C4
:101010001198A0EB0900119011980028E4D100BFAD
:10102000032F02D10C2017900DE00F98B0F5803FF0
:1010300002D30620179006E0022F02D10420179059
:1010400001E00120179000BF189800F0080070B967
:101050000F980A9000200B9023460AA9DDE916029A
:10106000FEF7B0FF0190019808B10198BAE40022A0
:1010700011461698FFF715FA08B10120B2E40020D6
:10108000B0E400004E4F204E414D45202020204628
:1010900041543332202020004E4F204E414D4520F8
:1010A000202020464154202020202000525261411F
:1010B00072724161F8FFFF00F7B582B016460398DF
:1010C000019001A800F07DFC0446002C02DA0B2000
:1010D00005B0F0BD0F4850F8245025B100200D494F
:1010E00041F824002870029840B102994C70002009
:1010F000029908700749029841F824000EB90020AF
:10110000E6E7002202A903A800F0DEFD0746384604
:10111000DEE70000700000202DE9F7478DB004469F
:1011200016461CB9092010B0BDE8F08706F03F064E
:10113000324601A90EA800F0C7FD0546002D70D16A
:10114000019820600198029002A80E9900F0FAFA26
:1011500005462DB99DF8330000F0800000B106254A
:1011600006F01C00002854D045B1042D03D102A87C
:10117000FFF716F9054646F008060AE006F00400F7
:1011800008B1082505E09DF80E0000F0110000B13F
:101190000725002D4FD106F0080000284BD000F0A5
:1011A000F2FB8146099901F10E00494601F072F8FF
:1011B000099901F11600494601F06CF80999019866
:1011C00000F03AFC074620200999C87200220999CC
:1011D000019801F06BF8099901F11C00002101F060
:1011E00059F801200199087197B10198D0F8208031
:1011F0000022394602A800F0C3FF05463DB941462A
:10120000019800F0DBFE0546781E0199086100BFD9
:1012100011E085B99DF80E0000F0100010B1042512
:1012200009E076E006F0020028B19DF80E0000F01B
:10123000010000B107254DB906F0080008B146F0DD
:1012400040060198006A206209986062002D60D112
:101250000999019800F0F0FBA060099901F11C00C8
:1012600000F0DEFBE0600198C088A08026740020BA
:101270006074E06160614FF4805104F12800F6F77A
:1012800024F806F02000002843D0E068002840D071
:10129000E0686061019840890199898900FB01F942
:1012A000A768D4F80C800CE03946204600F0D2FA4A
:1012B0000746012F00D80225781C00B90125A8EBAC
:1012C00009080DB9C845EFD8A7610DBB0198808901
:1012D000B8FBF0F100FB1180D0B139460198FEF760
:1012E0004BFD8246BAF1000F01D102250FE00198B3
:1012F0008089B8FBF0F05044E061E26901994878D8
:10130000012304F12801FFF7EAF800B1012500BF2D
:1013100000BF0DB100202060284604E733B581B03E
:1013200004460CB909203EBD0022694602A800F01F
:10133000CBFC05461DBB009820602046029900F0BA
:1013400001FA0546C5B92B20005D00F0800050B9B8
:10135000A07900F0100028B1E169009800F06CFB62
:10136000A06000E005253DB90098C088A08000215C
:101370002046FFF736F80546042D00D105250DB1AE
:10138000002020602846CEE7F8B50446694620468E
:1013900001F0BCF80646002E45D1207C00F040004C
:1013A000002840D0207C00F0800070B1E2690099F4
:1013B0004878012304F12801FFF7DAF808B1012089
:1013C000F8BD207C00F07F002074216A009800F0B6
:1013D000F5FD06463EBB656AE87A40F02000E872FB
:1013E0002946A268206800F061FF05F11C00E16851
:1013F00000F050FF00F0C7FA0746394605F1160025
:1014000000F048FF002105F1120000F03DFF01202F
:1014100000990871009800F05BFF0646207C00F000
:10142000BF00207400BF3046CAE72DE9FF4F85B0EA
:10143000044615469B46069802900020CBF8000013
:1014400003A9204601F062F80490049810B9607C6A
:10145000049018B1049809B0BDE8F08F207C00F02A
:10146000020008B90720F6E700BF606928446169F7
:10147000884202D26069C0F1FF35D6E06069039905
:101480008989B0FBF1F201FB120000287DD160696F
:1014900003998989B0FBF1F003994989491E00EA53
:1014A000010ABAF1000F1ED1606938B9A76857B9AF
:1014B00000212046FEF76DFC074604E02046A169A6
:1014C000FEF767FC074607B9B2E0012F02D1022000
:1014D0006074C0E7781C10B901206074BBE7A76195
:1014E000A06800B9A760207C00F0800078B1E269B4
:1014F00003994878012304F12801FFF739F810B166
:1015000001206074A7E7207C00F07F002074A169AF
:101510000398FEF731FC064616B9022060749AE77C
:10152000564403988089B5FBF0F9B9F1000F31D02A
:101530000AEB090003994989884203D90398408935
:10154000A0EB0A09039948784B4632460299FFF707
:101550000FF810B1012060747DE7E069801B4845F9
:1015600011D2E069831B0398B0F80CC0029803FB0A
:101570000C010398828904F12800F5F78DFE207C88
:1015800000F07F002074039800E017E0808900FBE2
:1015900009F835E0E069B0420FD0E168606988423F
:1015A0000BD2039948780123324604F12801FEF753
:1015B00096FF10B1012060744DE7E6616069039900
:1015C0008989B0FBF1F201FB120003998989A1EB33
:1015D0000008A84500D9A846606903998989B0FB2D
:1015E000F1F201FB120104F1280008444246019087
:1015F0000299F5F751FE207C40F08000207400BF76
:10160000A5EB0805DBF800004044CBF80000029889
:1016100040440290606940446061E16860698842CA
:1016200001D9606900E0E068E060002D7FF426AF3A
:1016300000BF207C40F04000207400200BE7000039
:1016400010B5012213A11448FFF736FD04462146C8
:1016500012A0FDF751FE0D2C1BD14FF48053124AFE
:1016600000210CA0FFF7B2F9044621460FA0FDF7B8
:1016700043FE012207A10020FFF71EFD04460122C0
:1016800004A10548FFF718FD044621460AA0FDF70E
:1016900033FE10BD303A0000C0260020666D6F7525
:1016A0006E742025640D0A001C470020666D6B6671
:1016B000732025640D0A0000666D6F756E742061DD
:1016C0006761696E2025640D0A0000002DE9FF4165
:1016D00007460D4600213846FEF7DEFA0646022E82
:1016E00006D0032E00D21DB9304604B0BDE8F0810B
:1016F00000BF00240AE007F5F97101EB041101F1C4
:10170000080000F08DF94DF82400641C042CF2D37D
:101710000DB1681E00E00020044600BF5DF8240003
:1017200028B15DF824103846FEF7B6FA00E0032031
:1017300006462DB9022E03D3601C04460428EDD3BF
:101740003046D2E72DE9F3410446276802E00198CC
:10175000401C0190019800782F28F8D0019800785B
:101760005C28F4D00020A06001980078202808D2DE
:1017700080212B20015500212046FEF732FE054630
:1017800031E000BF01A92046FEF796FB054605B1F2
:1017900028E02B20065D2046FEF75FFD05463DB1A3
:1017A000042D04D100BF06F0040000B9052519E09E
:1017B00006F0040000B115E0A07900F0100008B9AF
:1017C00005250FE0B9892069B0FBF1F201FB120198
:1017D00007F1340001EB00084146384600F02CF9CF
:1017E000A060CFE700BF2846BDE8FC8170B5044685
:1017F0000D46A1B20548FBF734FD00BF8021034828
:10180000FBF762FC0028F9D0204670BD0044004080
:101810007FB504460D46A07961792279A378CDE998
:101820000032CDE902106378207800F5FA6202A157
:101830002846FDF78BFD7FBD2530346425303264AA
:1018400025303264253032642530326425303264EC
:10185000000000002DE9F05F81460D46D9F80040F8
:10186000022D02D3A069A84202D84FF0010887E0F8
:101870004FF0FF382078012804D002283AD00328FE
:101880007AD156E02E4606EB5606A089B6FBF0F05C
:10189000A16A00EB010A5146204600F08FFB00B11F
:1018A0006DE03046761CA189B0FBF1F201FB12011C
:1018B00004F13400475CA089B6FBF0F0A16A00EBAC
:1018C000010A5146204600F079FB00B157E0A0899B
:1018D000B6FBF0F100FB116104F13400405C47EA13
:1018E000002705F0010008B1380901E0C7F30B003B
:1018F000804644E0B4F80CA00AEBDA704010B5FB67
:10190000F0F0A16A00EB010B5946204600F056FBAF
:1019100000B134E06800A189B0FBF1F201FB1201D3
:1019200004F1340001EB000A504600F073F88046E1
:1019300025E0B4F80CA04FEAEA700AEB9070801032
:10194000B5FBF0F0A16A00EB010B5946204600F010
:1019500035FB00B113E0A800A189B0FBF1F201FB57
:10196000120104F1340001EB000A504600F058F86F
:1019700020F0704803E0FFE74FF0010800BF00BF10
:101980004046BDE8F09F1CB56846FAF719F89DF887
:101990000000143040069DF8011040EA41509DF8C7
:1019A000021040EA01409DF8041040EAC1209DF871
:1019B000051040EA41109DF8061040EA61042046F7
:1019C0001CBD30B5044620680146024611B94FF0EF
:1019D000FF3030BD00BF12F8013B212B01D33A2B61
:1019E000F9D13A2B14D101250878302808DB087882
:1019F000392805DC881C904202D10878A0F1300516
:101A0000012D02DB4FF0FF30E3E722602846E0E7DC
:101A10000020DEE7014648780A7842EA0020704755
:101A20000146C8788A7842EA00204A7842EA0020D3
:101A30000A7842EA0020704770B505460C4604F16A
:101A40001A00FFF7E7FF06462878032805D104F1BE
:101A50001400FFF7DFFF46EA0046304670BD000085
:101A60001CB5002080F3108800BF01210846F9F75B
:101A700017FE01217948F8F7EFFAF8F747FBF8F776
:101A80003DFE4FF4A060F9F7B5FAF8F751FEF8F70C
:101A900009FEF8F7FBFDF8F7FFFEFDF7BAFA4FF481
:101AA000E13000F083FC4FF4E13000F0DBFC4FF458
:101AB0001650F9F7DDFEF6F793FC694B0122182169
:101AC0006420F8F7A7FD674B674A68496848FAF74A
:101AD0002DF8202267494FF44070F8F7F9FE644A68
:101AE00065A16748FDF732FC65496248F5F71BFCC4
:101AF00028B1202262494FF44070F8F72CFFF9F723
:101B00005BFD6049086008460068F8F75BFC5E48CA
:101B1000007808B9F6F73EFB5A480068F5F7A8FDCB
:101B2000044622460B4659A0FDF7E6FB5A4907201A
:101B3000FAF76EFDFFF784FD584A5949A1F11400E8
:101B4000F8F7DCF86420F8F7A9F85648564B574ADE
:101B5000012100905648FBF7F6FDFBF7E3F87CE027
:101B60005448007800283AD101205249087046486C
:101B7000007828B9F8F7A8FD3C493D48FAF758FF26
:101B8000F8F7A2FD4C48007800BB01204A490870D4
:101B90003D480078022805D0404A4149A1F114008F
:101BA000F8F7E8F83848007844490870F9F704FD78
:101BB0003449086008460068F8F704FC3F4800789C
:101BC00028B93148007810B1F6F7DAFA07E03B4857
:101BD000007820B12C48007808B9F6F7DBFA2A48DB
:101BE0000078022817D03648007820B1282807D07E
:101BF00050280FD109E0FAF733FDF8F765FD09E049
:101C0000FAF7CCFDF8F760FD04E0FAF76BFEF8F7A1
:101C10005BFD00BF09E02A480078282190FBF1F223
:101C200001FB120008B9F8F74FFD1C480F49104B93
:101C30000C4ACDE900100C492248F6F71FFC204859
:101C40000078401C782190FBF1F201FB12001C4946
:101C5000087040F2F310F8F721F881E70002300035
:101C60004E0000203420002014200020F41F00200B
:101C7000D41F00205420002025735F303500000061
:101C800074200020500000202A000020506F77654B
:101C9000723A25660D0A00005C0000205500002005
:101CA000306700200001002064010020980000201F
:101CB000CC2000204C0000204D00002063000020BC
:101CC000540000201F1F00202DE9F74F84B0002191
:101CD000059801600498FFF774FE039003980028AC
:101CE00003DA0B2007B0BDE8F08FAE49039851F836
:101CF00020400CB90C20F5E705980460069800F028
:101D0000FE000690207878B16078FEF7FDFB07466C
:101D100007F0010040B9069820B107F0040008B1AF
:101D20000A20DFE70020DDE7002020706078FEF762
:101D3000ABFB074607F0010008B10320D2E7069885
:101D400020B107F0040008B10A20CBE7607804F165
:101D50000C020221FEF7A5FB08B10120C2E7A08911
:101D6000B0F5805F07DCA089B0F5007F03DBA089B8
:101D7000411E084008B10120B4E700212046FFF7CA
:101D8000A5FC0546042D01D10120ABE7022D01D3AE
:101D90000D20A7E7D4F8209004F13F00FFF73AFEAA
:101DA000A189884201D00D209CE704F14A00FFF789
:101DB00031FE064626B904F15800FFF731FE06460B
:101DC000E6614420005DE070E078012804D0E0780E
:101DD000022801D00D2085E7E07846434120005DD0
:101DE0006081608918B16089411E084008B10D20EA
:101DF00078E704F14500FFF70DFE2081A089C117A7
:101E000000EBD1614911228992FBF1F301FB13210F
:101E100009B10D2066E704F14700FFF7FBFD82469C
:101E2000BAF1000F04D104F15400FFF7F9FD824626
:101E300004F14200FFF7EEFD8346BBF1000F01D134
:101E40000D204FE7A089C11700EBD161491122890C
:101E500092FBF1F10BEB06021144029102998A45C3
:101E600001D20D203EE70298AAEB00006189B0FB89
:101E7000F1F8B8F1000F01D10D2033E700254A48F1
:101E8000804500D803254FF6F570804500D802251F
:101E900040F6F570804500D801250DB90D2021E7E9
:101EA00008F10200A061C4F8249009EB0B00A062C5
:101EB000029848442063032D13D104F15E00FFF71C
:101EC000A9FD08B10D200DE7208908B10D2009E713
:101ED00004F16000FFF7A4FDE062A06980000190BA
:101EE00014E0208908B90D20FCE6A06A3044E062C5
:101EF000022D02D1A069400007E0207E00F0010021
:101F0000A16901EB410100EB51000190A089401E45
:101F100001990844A189B0FBF1F0E169884201D937
:101F20000D20DFE64FF0FF3060612061802060719E
:101F3000032D2CD104F16400FFF76CFD012826D19C
:101F400009F10101204600F039F800BB0020607162
:101F500004F13400FFF764FD1449884217D104F5F9
:101F60000670FFF75DFD1249884210D104F50C7030
:101F7000FFF756FD0F49884209D104F50770FFF7B6
:101F80004FFD606104F50870FFF74AFD2061257080
:101F900009480088401C80B207490880E080002082
:101FA000A0E6000070000020F5FFFF0F52526141D3
:101FB00072724161000055AA7400002070B5044699
:101FC0000D460026206AA84210D0204600F0C8F92D
:101FD00006465EB9607801232A4604F13401FEF713
:101FE0007EFA10B14FF0FF3501262562304670BDF4
:101FF0002DE9F05F04460D4616464FF00209022D0A
:1020000072D3A069A8426FD92078012804D0022891
:1020100057D0032811D179E02F4607EB5707A08945
:10202000B7FBF0F0A16A00EB010A51462046FFF72A
:10203000C5FF8146B9F1000F00D09DE038467F1CF6
:10204000A189B0FBF1F201FB120104F1340001EBB4
:10205000000805F0010028B1F1B298F8000061F322
:102060001F1000E0304688F8000001202071A08990
:10207000B7FBF0F0A16A00EB010A51462046FFF7DA
:102080009DFF8146B9F1000F00D075E0A089B7FB34
:10209000F0F100FB117104F1340001EB000805F0D0
:1020A000010010B1C6F3071006E098F8000000F038
:1020B000F000C6F30321084388F8000001202071D6
:1020C0005AE0B4F80CA00AEBDA704010B5FBF0F05F
:1020D000A16A00EB010B59462046FFF76FFF8146CE
:1020E000B9F1000F01D047E047E06800A189B0FBDB
:1020F000F1F201FB120104F1340001EB000AB1B26C
:10210000504600F0C1F80120207135E0B4F80CA071
:102110004FEAEA700AEB90708010B5FBF0F0A16A0C
:1021200000EB010B59462046FFF748FF8146B9F105
:10213000000F00D020E0A800A189B0FBF1F201FB64
:10214000120104F1340001EB000A5046FFF768FC6D
:1021500066F31B000646A800A189B0FBF1F201FB63
:10216000120104F1340001EB000A3146504600F040
:1021700091F80120207100BF00BF4846BDE8F09FE4
:102180002DE9F04781460E4617464FF00008D9F872
:102190000040022E02D3A069B04202D80220BDE85E
:1021A000F08767B100BF4FF0FF3239462046FFF796
:1021B0001FFF8046B8F1000F01D04046EFE700BF97
:1021C00031464846FFF746FB054605B922E0012D9A
:1021D00001D10220E3E7681C08B90120DFE70022F3
:1021E00031462046FFF704FF8046B8F1000F01D0CA
:1021F0004046D4E7D4E90510801E814206D26069CA
:10220000401C6061607940F0010060712E46A06959
:10221000B042D5D800BF0020C1E70000002004E094
:102220000021154A1154411CC8B21028F8DB0020C7
:1022300005E00022104910310A54411CC8B2802820
:10224000F7DB002004E000210C4A1154411CC8B205
:102250000A49D1F804118142F5D80020064981F8D5
:10226000900081F891000549C1F804010449087003
:1022700004490870704700001F1F0020C40200209E
:10228000270000202800002000F8011B091200F898
:10229000011B704700F8011B090A00F8011B090A1D
:1022A00000F8011B090A00F8011B704770B50646CB
:1022B0000C461546A9B204F11A00FFF7E5FF307885
:1022C000032804D1290C04F11400FFF7DDFF70BDD1
:1022D00070B50446204600F043F80546002D37D17E
:1022E000607901282DD1002060712078032828D141
:1022F0004FF4805104F13400F4F7E7FF154904F17D
:102300003400FFF7C7FF144904F50670FFF7C2FF5A
:1023100004F507706169FFF7BDFF04F508702169D6
:10232000FFF7B8FF0D4904F50C70FFF7B3FF616AC2
:10233000491C0A4621626078012304F13401FEF74A
:1023400017F9607800221146FEF7ABF800B10125BD
:10235000284670BD5252614172724161000055AA17
:1023600070B5044600252079E8B16078012304F1B6
:102370003401226AFEF7FCF8A0B900202071A16A9E
:10238000206A401AE16988420DD2E07802280AD119
:10239000D4E90731CA186078012304F13401FEF74B
:1023A000E7F800E00125284670BD000010B586B0B2
:1023B000044601210420F9F773F901214804F9F7D3
:1023C0004FF92648FAF732FE0420ADF81400032036
:1023D0008DF8160018208DF8170005A92048F7F78A
:1023E000AFFD0820ADF8140004208DF8170005A9F2
:1023F0001B48F7F7A5FD26208DF8000002208DF878
:10240000010003208DF8020001208DF803006846CA
:10241000F8F7B8FD01940020ADF80800ADF80A0007
:10242000ADF80C00ADF810000C20ADF80E0001A9BD
:102430000A48FAF7A5FE012240F224410748FAF7BC
:102440007AFE012240F225510448FAF774FE012178
:102450000248FAF7DFFD06B010BD0000004400405E
:102460000008014010B586B00446012144F2040082
:10247000F9F716F92348FAF7D9FD4FF40070ADF8D3
:10248000140003208DF8160018208DF8170005A9F8
:102490001D48F7F755FD4FF48060ADF81400482053
:1024A0008DF8170005A91848F7F74AFD25208DF883
:1024B000000000208DF8010001208DF802008DF849
:1024C00003006846F8F75EFD01940020ADF80800AF
:1024D000ADF80A00ADF80C00ADF810000C20ADF816
:1024E0000E0001A90748FAF74BFE012240F22551E0
:1024F0000448FAF720FE01210248FAF78BFD06B0E6
:1025000010BD0000003801400008014070B50446CD
:102510000D4609268CB1206878B12068007860B13A
:10252000A0882168C988884207D121684878FDF7CA
:10253000EBFF00F0010000B900260EB9206800E0B2
:1025400000202860304670BD942801080400000077
:102550007C28010805000000842801080100000013
:102560008C28010802000000742801080300000004
:10257000A428010806000000AC280108070000009C
:1025800068280108080000009C28010809000000D4
:102590004C280108090000000C2801080800000070
:1025A000402801080400000024280108050000005C
:1025B000302801080100000038280108020000004E
:1025C0001828010803000000582801080600000030
:1025D0006028010807000000819FE0FC407E80FC2D
:1025E0000000010004001000400000010002000093
:1025F000010002000400080010002000000000009C
:1026000007000000000000000000000000000000C3
:1026100000800202200000005052454348494E20ED
:102620002053504920466C617368204469736B20C5
:10263000312E3020000000030080830000000000E5
:1026400000000000060000000000001F1C1F1E1FED
:102650001E1F1F1E1F1E1F1F1D1F1E1F1E1F1F1E92
:102660001F1E1F004040404040404040404141410B
:102670004141404040404040404040404040404058
:10268000404040400502020202020202020202022F
:1026900002020202202020202020202020200202EE
:1026A0000202020202909090909090101010101070
:1026B0001010101010101010101010101010100228
:1026C00002020202028888888888880808080808A8
:1026D0000808080808080808080808080808080280
:1026E00002020240642601084461746154696D6508
:1026F0003D25733B4138373030302D5274643D25D1
:102700002E31662C4138373030302D466C61673DB4
:1027100025633B4138373030312D5274643D252ECE
:1027200031662C4138373030312D466C61673D259C
:10273000633B4138373030352D5274643D252E319E
:10274000662C4138373030352D466C61673D256346
:102750003B4138373130302D5274643D252E31667F
:102760002C4138373130302D466C61673D25633B55
:102770004138373130312D5274643D252E31662C6D
:102780004138373130312D466C61673D25633B411F
:1027900038373130352D5274643D252E31662C4149
:1027A00038373130352D466C61673D25633B413804
:1027B000373230302D5274643D252E31662C41382D
:1027C000373230302D466C61673D25633B413837E9
:1027D0003230312D5274643D252E31662C4138370C
:1027E0003230312D466C61673D25633B41383732CD
:1027F00030352D5274643D252E31662C41383732E8
:1028000030352D466C61673D25633B0052533438AB
:1028100035444154410D0A0055504C4F41440D0A76
:102820000000000053414D504C450D0A00000000CF
:1028300054494D450D0A0000514346470D0A00001A
:102840004750534346470D0A00000000424154548C
:102850004552590D0A00000065726173650D0A004A
:10286000746573740D0A0000525334383544415472
:102870004100000055504C4F4144000053414D5021
:102880004C45000054494D45000000005143464767
:102890000000000047505343464700004241545453
:1028A0004552590065726173650000007465737468
:1028B0000000000054696D653A25733B54454D5046
:1028C000313A252E31663B48554D49313A252E3156
:1028D000663B4543313A252E31663B54454D5032D7
:1028E0003A252E31663B48554D49323A252E316600
:1028F0003B4543323A252E31663B54454D50333AE1
:10290000252E31663B48554D49333A252E31663BDD
:102910004543333A252E31663B0D0A003C29010818
:1029200000000020BC0100002A810008282A0108BC
:10293000BC0100203C8A000098F30008412D0102F0
:1029400003040400091206070809020406084913D3
:102950003360033D030DBA61084C0C6B620882586A
:10296000D4010181033A30011309E0140839E11B55
:102970000849041A69041AC1041381DF1B080108FD
:1029800013120132021640830420571A02BA4C0176
:102990000A0612120145040309041349C41B081155
:1029A000041A7D041A8B041A91041ABF041A4304F2
:1029B0002610260108D842201AFF681A49041AB5C1
:1029C0005C1AFD082ADD04190C1A1908411369D490
:1029D000140899D31408F1DC1408E9DA1B088504FB
:1029E0001A61201AB7081389D71B089B04814B2052
:1029F000015401101301D81B08D1281A3108811A7B
:102A0000AD109ABF3C411AF110140902202E0101A9
:102A100004C032C7200B020806500507058102409A
:082A20002C07050107C10000AD
:04000005080071512D
:00000001FF
